Machine ID;Team;Provider;Lifetime;PressureInd;MoistureInd;TemperatureInd;Broken
1;TeamA;Provider4;56;92.17885406;104.2302045;96.51715873;0
2;TeamC;Provider4;81;72.07593772;103.0657014;87.27106218;1
3;TeamA;Provider1;60;96.27225443;77.80137602;112.1961703;0
4;TeamC;Provider2;86;94.40646126;108.4936078;72.02537441;1
5;TeamB;Provider1;34;97.75289859;99.413492;103.7562706;0
6;TeamA;Provider1;30;87.67880097;115.7122623;89.79210466;0
7;TeamB;Provider2;68;94.61417404;85.70223564;142.8270014;0
8;TeamB;Provider3;65;96.48330289;93.04679747;98.31619045;1
9;TeamB;Provider2;23;105.486158;118.2919966;96.02882218;0
10;TeamC;Provider4;81;99.17823531;99.13871701;95.49296461;1
11;TeamB;Provider4;38;97.81784409;111.0741675;94.94244328;0
12;TeamA;Provider1;29;67.81225145;96.10784622;122.3718087;0
13;TeamA;Provider3;65;86.36611059;92.56197159;96.66794972;1
14;TeamA;Provider3;65;76.14465414;93.97345443;108.9442729;1
15;TeamC;Provider4;82;103.1072633;103.6731971;79.50453248;1
16;TeamB;Provider1;80;88.41407945;97.36275458;89.31981296;1
17;TeamC;Provider3;48;84.35504868;103.1749187;102.3997151;0
18;TeamB;Provider1;80;79.66925455;95.92690751;99.73563529;1
19;TeamB;Provider2;92;86.22910861;86.11189974;111.8425483;1
20;TeamB;Provider4;88;84.17942039;114.0740657;83.62744989;1
21;TeamC;Provider1;74;100.0059233;103.5028764;96.87603499;1
22;TeamB;Provider2;65;115.6075596;103.0135727;101.6168426;0
23;TeamC;Provider1;61;97.69718903;101.8849607;130.135676;0
24;TeamC;Provider2;35;101.4156229;89.75374604;114.909434;0
25;TeamA;Provider2;26;118.9786971;105.298916;115.247085;0
26;TeamA;Provider3;63;102.1127749;106.2506946;92.31519517;0
27;TeamA;Provider4;88;129.1243378;103.3447202;92.84635902;1
28;TeamB;Provider1;79;109.0330362;92.7541199;124.7604446;1
29;TeamA;Provider3;53;107.2980695;85.05529129;109.8410029;0
30;TeamC;Provider1;73;127.2639544;103.5572918;133.8596693;1
31;TeamC;Provider3;60;138.1911205;91.65626896;101.9259278;1
32;TeamB;Provider2;13;72.55408417;111.3764192;93.54141963;0
33;TeamA;Provider4;34;95.21464918;93.07170934;75.84542114;0
34;TeamB;Provider3;36;91.24713174;93.03728223;94.45839707;0
35;TeamB;Provider1;80;81.55537698;90.69889367;97.02690353;1
36;TeamB;Provider3;65;69.13459519;81.98012234;81.03392506;1
37;TeamB;Provider1;31;132.8574784;82.0372826;106.7192651;0
38;TeamC;Provider1;74;54.73533145;91.32443271;91.42479473;1
39;TeamA;Provider4;25;84.89864628;84.86790095;96.5560518;0
40;TeamB;Provider3;58;94.15228726;88.44665868;135.7447785;0
41;TeamA;Provider1;80;84.34406647;103.3770521;113.2754593;1
42;TeamA;Provider3;65;95.75352436;92.31580754;95.32702839;1
43;TeamA;Provider3;19;123.9284399;102.3402566;110.9507609;0
44;TeamC;Provider3;60;101.5053508;77.65982051;107.6560938;1
45;TeamB;Provider4;84;120.9455502;101.9858519;101.8841017;0
46;TeamC;Provider1;13;83.06857115;104.1607096;124.3629153;0
47;TeamC;Provider1;12;113.3491219;114.4731859;101.5657772;0
48;TeamC;Provider1;15;75.64669299;114.1988574;86.81793729;0
49;TeamA;Provider4;26;113.4358321;91.82061858;95.36508541;0
50;TeamA;Provider4;43;81.77978353;91.96565385;75.14654634;0
51;TeamB;Provider1;80;68.85065142;106.2142358;115.7119699;1
52;TeamB;Provider3;65;150.665421;89.13903219;102.6799026;1
53;TeamB;Provider2;1;72.42312878;120.4841552;116.4004334;0
54;TeamA;Provider4;34;97.13286233;117.2449063;101.5042043;0
55;TeamA;Provider1;80;113.965257;127.3026074;107.2647361;1
56;TeamB;Provider2;12;57.46321326;104.9790894;100.5280146;0
57;TeamA;Provider2;92;144.3445174;95.12186217;127.8402262;1
58;TeamC;Provider4;82;80.69223153;102.9254586;74.67365277;1
59;TeamB;Provider3;65;93.91332598;91.26211515;91.48661787;1
60;TeamB;Provider3;20;73.32115289;123.8980003;129.4396901;0
61;TeamB;Provider3;16;83.95831157;101.7508802;117.8981463;0
62;TeamC;Provider1;3;56.17177135;88.91703002;96.14338728;0
63;TeamC;Provider2;18;105.9000372;104.2681687;54.57362995;0
64;TeamA;Provider4;7;115.698401;105.8508457;89.34379968;0
65;TeamA;Provider1;47;119.7459957;119.1046335;112.3412826;0
66;TeamA;Provider3;23;105.8937636;104.39546;118.3853166;0
67;TeamB;Provider4;39;87.39284133;106.1662339;84.52171258;0
68;TeamC;Provider2;48;82.88180029;91.02517864;94.62007382;0
69;TeamA;Provider1;57;122.287991;93.84835213;91.06499024;0
70;TeamB;Provider2;68;85.07220883;104.1094647;107.7140369;0
71;TeamC;Provider1;18;119.204381;111.7721561;84.24208522;0
72;TeamB;Provider4;1;107.7859931;117.3903359;113.3773084;0
73;TeamC;Provider4;81;90.67123432;89.5638833;86.38418467;1
74;TeamC;Provider2;65;66.63788383;92.20583056;99.06197865;0
75;TeamB;Provider4;4;107.8373588;99.83817218;111.0848528;0
76;TeamA;Provider3;24;113.2726053;114.696552;79.69982029;0
77;TeamC;Provider1;74;85.33137798;97.04522638;91.4131354;1
78;TeamC;Provider1;74;82.52821911;109.6384237;96.59799612;1
79;TeamB;Provider4;16;90.63682861;101.8016105;130.0559851;0
80;TeamB;Provider4;88;112.60533;100.2743409;87.98363112;0
81;TeamA;Provider4;28;78.66593081;110.5184077;111.0784536;0
82;TeamA;Provider2;92;70.10171881;92.55906673;131.734206;1
83;TeamB;Provider4;49;99.12691885;105.455789;113.4644369;0
84;TeamA;Provider3;39;129.8155876;104.0702758;99.8617326;0
85;TeamA;Provider1;18;129.3586686;95.48779959;104.7582439;0
86;TeamB;Provider4;80;86.43068027;104.6939431;86.39617998;0
87;TeamC;Provider4;81;127.6432644;92.64479758;98.05514152;1
88;TeamA;Provider3;65;95.24539906;115.9503864;100.4178602;1
89;TeamB;Provider1;79;83.49423659;93.40046999;121.2977598;1
90;TeamB;Provider2;19;96.21961865;90.66213673;125.8385221;0
91;TeamA;Provider1;58;79.1113931;73.6071607;74.8746231;0
92;TeamA;Provider4;76;106.8671887;118.9483574;97.42421086;0
93;TeamA;Provider2;92;111.2558114;97.35998621;122.0342734;1
94;TeamB;Provider2;92;96.12034618;105.5761964;124.0671196;1
95;TeamA;Provider3;52;86.10751429;93.68407938;83.15696087;0
96;TeamC;Provider4;29;108.4133588;112.8680361;94.82251917;0
97;TeamB;Provider3;65;100.2518501;93.34673498;88.15086763;1
98;TeamA;Provider1;8;117.9043996;89.84703399;73.17482049;0
99;TeamC;Provider3;53;121.6736792;100.0076838;130.3035019;0
100;TeamC;Provider1;40;60.23306632;107.5271185;62.65714424;0
101;TeamC;Provider2;46;94.23091985;107.9583453;110.6577848;0
102;TeamC;Provider3;5;74.48747426;99.10009387;79.52161712;0
103;TeamB;Provider2;41;92.453609;92.49535193;140.1600911;0
104;TeamB;Provider2;12;112.047415;89.84959363;81.10095313;0
105;TeamB;Provider3;65;125.0326918;101.1634821;126.0240766;1
106;TeamA;Provider1;80;96.00878453;84.58755361;95.28725334;1
107;TeamB;Provider2;93;109.6711377;104.6003316;102.8819567;1
108;TeamB;Provider4;63;154.9245853;77.67724907;112.0488069;0
109;TeamB;Provider2;77;105.7582145;112.4089301;112.2429165;0
110;TeamA;Provider3;65;93.35727589;89.29033639;99.55773664;1
111;TeamA;Provider2;92;99.96158153;105.9447877;114.9973601;1
112;TeamA;Provider3;62;95.92226826;102.5904676;89.99548863;0
113;TeamB;Provider4;52;111.7239334;89.93333376;112.7274067;0
114;TeamC;Provider2;85;97.9282765;96.30706049;109.4866982;1
115;TeamA;Provider2;92;128.7277348;96.5898045;135.2507754;1
116;TeamA;Provider2;92;133.1077066;104.051493;120.9586286;1
117;TeamA;Provider4;88;126.7058619;92.44197037;104.9071869;1
118;TeamB;Provider1;80;150.6956895;111.9887615;85.86354729;1
119;TeamB;Provider1;58;80.01967528;120.844063;116.3064452;0
120;TeamC;Provider2;55;74.57754143;113.001844;114.5189329;0
121;TeamA;Provider4;33;140.9858744;87.25006628;125.4733721;0
122;TeamC;Provider4;13;35.76360199;106.3355289;94.18852214;0
123;TeamB;Provider3;34;91.60822135;114.8617036;104.1536206;0
124;TeamC;Provider2;85;103.7075508;92.41019194;91.100293;1
125;TeamB;Provider3;65;111.8094367;75.48027478;112.8468411;1
126;TeamB;Provider4;80;124.8601041;118.1497781;113.8879107;0
127;TeamC;Provider1;41;112.7364301;92.37349843;85.48980065;0
128;TeamA;Provider3;65;102.194994;93.38983164;70.11393139;1
129;TeamA;Provider3;65;128.3172975;106.729157;94.7417842;1
130;TeamC;Provider1;43;94.01171684;91.93279642;111.4627321;0
131;TeamB;Provider1;80;91.39931729;99.91949583;80.8328907;1
132;TeamA;Provider1;80;102.7097196;102.8467778;108.3242991;1
133;TeamB;Provider3;55;77.4666105;89.20179928;84.53910754;0
134;TeamA;Provider4;88;143.8647421;95.87773954;117.1610923;1
135;TeamA;Provider2;17;93.91140451;106.0364132;112.5418604;0
136;TeamC;Provider2;86;122.8634385;115.9176028;72.54074697;1
137;TeamC;Provider4;3;120.0742901;102.9920732;91.29538601;0
138;TeamC;Provider4;81;65.11291145;105.453561;97.05480756;0
139;TeamB;Provider2;93;75.99730079;96.3718599;98.93408655;1
140;TeamB;Provider3;65;90.59983598;98.07438142;96.2636136;1
141;TeamB;Provider2;55;85.97976393;104.2711849;121.4452996;0
142;TeamC;Provider3;25;111.6690617;93.27223301;119.0101687;0
143;TeamB;Provider2;93;86.99664346;91.03846392;58.58520759;1
144;TeamC;Provider4;82;93.62245547;94.01478639;70.85057767;1
145;TeamA;Provider4;13;143.8612427;108.4817025;93.23788677;0
146;TeamC;Provider4;19;64.28565742;114.037572;123.755117;0
147;TeamC;Provider2;86;97.53345121;96.30481564;76.90808405;1
148;TeamC;Provider3;60;77.83610485;112.8325443;121.7863711;1
149;TeamC;Provider4;81;95.78219396;112.7934006;98.6350135;1
150;TeamA;Provider1;80;80.16096302;109.9425243;113.9839003;1
151;TeamA;Provider2;93;114.6298749;102.294442;51.1069448;1
152;TeamA;Provider2;43;82.67022466;106.2353533;115.3757052;0
153;TeamC;Provider2;63;101.1211088;87.70386034;117.6781559;0
154;TeamA;Provider1;45;85.4702501;111.5486787;84.48907863;0
155;TeamA;Provider2;93;129.5853061;93.69210818;84.91572472;1
156;TeamA;Provider4;77;113.0908777;109.3698093;95.60612507;0
157;TeamC;Provider3;9;113.4148533;108.0811633;110.0561783;0
158;TeamC;Provider3;60;84.11160975;118.7811884;106.9423282;1
159;TeamC;Provider4;62;84.24156074;101.8366491;80.45487363;0
160;TeamC;Provider4;82;96.84048235;117.8289515;73.47330364;1
161;TeamB;Provider4;29;112.7450016;91.61766973;100.9545667;0
162;TeamA;Provider3;65;92.35071864;106.1939232;107.5371792;1
163;TeamA;Provider4;49;73.14513861;95.24348535;120.7810241;0
164;TeamC;Provider1;72;121.1085311;95.09554947;104.7811532;0
165;TeamB;Provider1;16;82.61100175;113.1563812;130.5451632;0
166;TeamC;Provider3;56;125.8449723;94.1146668;88.68996986;0
167;TeamA;Provider1;80;99.43119894;96.43331087;55.91119683;1
168;TeamC;Provider4;40;96.06869558;105.2206332;120.2784907;0
169;TeamA;Provider3;57;89.14378006;106.3110111;76.40645579;0
170;TeamA;Provider4;88;82.39429705;96.82672815;125.4315376;1
171;TeamA;Provider2;93;122.5191039;100.3323366;93.44364743;1
172;TeamA;Provider1;20;114.6734454;91.86074592;88.2958658;0
173;TeamB;Provider1;12;104.1060598;105.9628557;113.6162542;0
174;TeamC;Provider3;57;104.1285145;91.5325882;110.0802737;0
175;TeamB;Provider3;65;86.49978354;86.63641816;92.64598661;1
176;TeamB;Provider1;50;102.5436645;94.82559513;67.16846487;0
177;TeamA;Provider4;42;114.7006664;109.0935529;108.6968184;0
178;TeamA;Provider2;49;89.62264913;102.9938823;142.0284953;0
179;TeamA;Provider4;65;101.1584808;89.23415453;111.1869777;0
180;TeamB;Provider3;65;51.69950796;58.54730111;60.51820437;1
181;TeamB;Provider3;44;81.50310722;104.1141034;73.27573124;0
182;TeamB;Provider2;92;134.9526042;88.4801008;108.6773664;1
183;TeamC;Provider3;9;89.32006408;95.97596256;98.23716736;0
184;TeamB;Provider3;48;80.94962803;106.3025588;96.25748233;0
185;TeamB;Provider3;49;81.82940534;104.9825534;102.2891495;0
186;TeamB;Provider3;65;107.4348672;90.82303655;138.4133405;1
187;TeamC;Provider1;36;116.6937881;104.5255342;107.3384773;0
188;TeamC;Provider3;60;85.44405211;107.3373551;86.72571576;1
189;TeamB;Provider2;81;80.00815226;92.94532758;104.9994585;0
190;TeamB;Provider4;24;110.6439173;98.14071808;86.39503297;0
191;TeamC;Provider3;60;90.84614958;107.2455027;102.9288987;1
192;TeamB;Provider3;65;99.49925475;103.3831611;119.7507572;1
193;TeamB;Provider3;63;78.77184657;93.16231384;85.02431101;0
194;TeamA;Provider2;93;71.10556819;108.6931765;81.73936165;1
195;TeamB;Provider2;92;70.35776433;93.16992001;149.8722976;1
196;TeamB;Provider3;65;93.24543008;89.39662465;107.1840475;1
197;TeamA;Provider2;28;88.68783476;86.69133425;128.3799916;0
198;TeamA;Provider3;25;65.55163161;89.23078421;148.0145809;0
199;TeamC;Provider1;74;129.4538603;108.6197469;97.54660485;1
200;TeamA;Provider1;20;119.2571561;100.6706946;65.04109861;0
201;TeamB;Provider2;93;122.5029001;87.08359987;73.00784694;1
202;TeamA;Provider4;57;89.3451342;102.957647;97.16886592;0
203;TeamC;Provider3;46;105.1548812;95.19828835;116.9706253;0
204;TeamC;Provider3;60;96.43645598;102.8929828;114.8533917;1
205;TeamA;Provider4;56;98.14785492;110.3888521;138.4908163;0
206;TeamB;Provider1;1;92.10080195;89.99461085;97.29228958;0
207;TeamC;Provider2;76;87.09276089;98.38474842;79.95705583;0
208;TeamA;Provider3;31;102.3336394;96.42298434;80.75166079;0
209;TeamC;Provider4;54;91.63775968;116.7340858;125.5531059;0
210;TeamB;Provider1;1;104.6585302;107.5376658;126.3743168;0
211;TeamC;Provider4;64;116.8149535;85.58815181;95.15687347;0
212;TeamB;Provider4;53;87.96763611;91.20086693;113.2602184;0
213;TeamB;Provider1;62;96.14067129;79.33497737;139.3520024;0
214;TeamA;Provider1;12;53.45018161;79.64982916;103.6298501;0
215;TeamB;Provider4;76;90.38576175;104.5337845;111.3231862;0
216;TeamB;Provider3;53;67.89336141;99.51692219;111.8488205;0
217;TeamC;Provider2;86;111.5160364;99.11730398;94.17953507;1
218;TeamC;Provider4;29;121.3890098;83.71084563;101.8065298;0
219;TeamA;Provider1;80;147.4138919;87.44533599;100.0408353;1
220;TeamA;Provider3;65;109.7446432;89.67105476;138.5473255;1
221;TeamA;Provider1;60;79.82891144;101.0689842;99.36824612;0
222;TeamB;Provider3;65;104.6414108;111.4188395;96.51154379;1
223;TeamB;Provider2;88;79.9061587;77.43338581;71.16947247;0
224;TeamA;Provider3;47;121.6248825;98.69430428;74.75057567;0
225;TeamA;Provider2;3;110.7350681;113.2917759;54.53286892;0
226;TeamA;Provider3;65;101.7492024;92.01452778;103.7654068;1
227;TeamA;Provider2;19;71.81758969;100.2809694;102.2693672;0
228;TeamA;Provider3;65;108.1568179;102.231344;83.4708124;1
229;TeamC;Provider4;50;105.0382945;93.95323864;120.4900002;0
230;TeamB;Provider4;30;90.48431219;106.8332232;55.01166325;0
231;TeamB;Provider4;58;96.57340584;108.5498769;112.9562364;0
232;TeamC;Provider4;82;93.48628393;92.9159865;76.24447939;1
233;TeamA;Provider3;26;79.0391301;106.4118914;102.7117398;0
234;TeamA;Provider2;93;124.7428685;97.85352326;98.34049821;1
235;TeamA;Provider1;80;110.0800055;96.84071815;100.8559716;1
236;TeamB;Provider1;64;109.7472599;108.0530389;96.14239799;0
237;TeamA;Provider3;46;72.25553465;117.6716536;89.68002082;0
238;TeamB;Provider1;80;94.39762265;95.02644317;87.03925358;1
239;TeamA;Provider2;58;99.1729528;105.2015316;56.1165184;0
240;TeamB;Provider2;25;123.5105012;105.9690406;92.65344596;0
241;TeamB;Provider1;80;102.185641;89.06691257;93.84971699;1
242;TeamC;Provider1;27;87.22145536;87.38629913;86.81281172;0
243;TeamB;Provider2;93;95.8067128;92.91202985;87.67209364;1
244;TeamA;Provider1;8;123.0263818;101.2923412;113.8098361;0
245;TeamC;Provider1;24;88.10845571;99.41904421;89.83880804;0
246;TeamB;Provider1;80;88.67721939;97.52182754;98.97230007;1
247;TeamA;Provider3;48;110.6072377;103.8373069;121.1524524;0
248;TeamC;Provider4;52;38.78754767;116.4918169;125.0025263;0
249;TeamB;Provider3;65;89.33143548;85.15218999;108.5998878;1
250;TeamC;Provider1;74;75.81598114;106.1237704;96.25360918;1
251;TeamC;Provider2;24;85.226111;114.9718442;85.41919146;0
252;TeamC;Provider2;85;83.58406008;79.72451035;124.6367074;1
253;TeamB;Provider2;93;108.7205931;100.8918579;100.8783625;1
254;TeamB;Provider1;16;96.61713227;110.2104906;92.23282144;0
255;TeamC;Provider1;13;108.7769039;87.49910161;89.65043059;0
256;TeamA;Provider2;22;101.3580689;81.41299882;105.7679599;0
257;TeamC;Provider2;86;129.0020995;93.13240058;84.84584223;1
258;TeamA;Provider4;58;97.10854231;103.1132546;121.280986;0
259;TeamC;Provider3;60;116.6944294;106.4850719;107.7119541;1
260;TeamB;Provider2;93;115.1857482;101.1496633;91.47168833;1
261;TeamB;Provider4;88;89.40512082;89.46824597;96.83404154;1
262;TeamC;Provider2;86;88.77023945;110.7154578;79.61013172;1
263;TeamC;Provider1;62;114.142562;97.90547112;165.1699551;0
264;TeamA;Provider2;92;79.25673701;97.42450677;113.8027764;1
265;TeamC;Provider4;65;103.7368214;97.68297405;104.781466;0
266;TeamB;Provider4;88;96.10586879;83.88845914;76.37176899;1
267;TeamC;Provider4;81;119.514682;102.3775797;97.89313354;1
268;TeamC;Provider1;22;88.15204937;106.6021446;113.0762836;0
269;TeamB;Provider1;45;76.76859083;98.69889549;90.75000591;0
270;TeamA;Provider1;59;116.3087415;97.67504843;107.035628;0
271;TeamC;Provider4;35;81.94855191;109.6314486;89.60336669;0
272;TeamB;Provider4;18;114.3549146;91.16757756;117.1695675;0
273;TeamB;Provider4;38;48.59034661;107.0189746;82.67233951;0
274;TeamC;Provider4;81;99.52789867;94.57180405;110.7814975;1
275;TeamB;Provider2;92;81.37314584;91.70991941;131.4217169;1
276;TeamA;Provider1;80;72.29605807;98.65100391;89.75361583;1
277;TeamC;Provider3;61;105.7066065;103.4861975;59.64195681;1
278;TeamC;Provider2;4;85.29060065;73.29862984;108.4834019;0
279;TeamB;Provider3;48;95.72174212;104.6947288;111.7138916;0
280;TeamC;Provider1;63;81.92521008;87.59759596;110.9066888;0
281;TeamC;Provider4;31;127.2580478;97.65391673;111.9159592;0
282;TeamB;Provider3;65;89.75231566;106.4519667;141.0827592;1
283;TeamB;Provider3;65;90.944893;92.3535606;140.6030213;1
284;TeamB;Provider2;93;79.63958383;115.057383;87.22372543;1
285;TeamC;Provider4;81;130.1991676;97.95620176;126.0767394;1
286;TeamB;Provider3;65;112.5857118;101.6142635;80.83568474;1
287;TeamB;Provider1;13;86.02485068;80.53200774;172.5441398;0
288;TeamA;Provider4;35;98.94246341;90.31914773;82.09243986;0
289;TeamA;Provider2;92;107.9141561;107.5154579;124.397205;1
290;TeamA;Provider3;65;100.5258397;108.7645407;111.9841191;1
291;TeamC;Provider2;85;100.1524759;105.3768446;112.6853212;1
292;TeamC;Provider1;73;74.66116758;116.0870869;129.4902715;1
293;TeamA;Provider4;54;101.9277194;98.61359172;97.90275087;0
294;TeamA;Provider3;56;122.3290021;99.430185;113.2887586;0
295;TeamA;Provider4;61;72.34009193;104.698884;124.9275537;0
296;TeamB;Provider3;12;84.52197479;93.23293592;87.91034665;0
297;TeamA;Provider1;26;108.0678329;106.343999;87.00380701;0
298;TeamC;Provider3;60;102.8312375;93.54105464;105.1493577;1
299;TeamA;Provider4;17;77.30203512;95.24526849;102.4544526;0
300;TeamB;Provider3;65;92.27626092;83.69236521;78.03294027;1
301;TeamB;Provider3;18;93.21014475;74.96813943;120.0701073;0
302;TeamB;Provider1;35;81.95766678;112.2018487;116.4980729;0
303;TeamC;Provider3;60;118.0336224;98.52804145;131.5920746;1
304;TeamA;Provider4;49;104.1600552;87.36072497;99.85630851;0
305;TeamC;Provider2;85;90.20638283;101.7319388;115.1979378;1
306;TeamA;Provider4;30;101.3526393;98.46945124;73.08420955;0
307;TeamC;Provider4;81;84.41393902;110.8229509;101.1741394;1
308;TeamA;Provider3;66;90.44987724;113.957099;72.40684563;1
309;TeamA;Provider4;83;113.0237965;104.8803362;86.11663572;0
310;TeamB;Provider3;14;79.53109778;100.4875962;53.46082223;0
311;TeamB;Provider1;80;104.3627063;88.17677958;80.27367989;1
312;TeamA;Provider1;79;112.0633881;112.2294842;147.0523134;1
313;TeamB;Provider1;79;108.8375233;94.49523742;120.4209254;1
314;TeamC;Provider3;7;118.101249;109.5193655;107.3707073;0
315;TeamA;Provider4;80;127.3713508;103.5734976;111.2251287;0
316;TeamB;Provider1;44;73.20541659;87.27730432;94.81097722;0
317;TeamA;Provider4;46;89.6800915;102.2533692;108.4548245;0
318;TeamC;Provider2;85;173.2825408;111.6626543;124.7089102;1
319;TeamC;Provider4;81;83.57488346;106.4894726;107.7732534;1
320;TeamA;Provider1;5;133.0639889;84.46012536;108.8989324;0
321;TeamB;Provider3;51;113.2849762;102.6527809;109.5798115;0
322;TeamC;Provider2;49;103.8908585;108.4477704;99.58076829;0
323;TeamB;Provider1;51;116.246305;80.81829191;92.60063967;0
324;TeamB;Provider1;80;93.69823433;106.250103;100.5615017;1
325;TeamA;Provider3;4;124.6300872;94.23652593;99.52129916;0
326;TeamC;Provider3;55;114.5831739;91.77533546;85.70228144;0
327;TeamC;Provider1;66;86.90220321;98.91228582;88.99686622;0
328;TeamC;Provider4;9;71.48203946;89.46945152;132.7477118;0
329;TeamC;Provider2;76;95.3103348;93.46411836;78.12938193;0
330;TeamA;Provider4;65;111.6225804;93.89606386;125.2775595;0
331;TeamB;Provider2;71;105.9714478;87.36748742;106.5517152;0
332;TeamA;Provider2;85;96.46384171;120.2509566;107.8049309;0
333;TeamA;Provider4;21;99.00365273;97.32850275;72.77187235;0
334;TeamC;Provider4;45;146.48261;98.84825154;106.9790328;0
335;TeamC;Provider1;74;109.8195707;90.71151167;66.85327645;1
336;TeamB;Provider2;78;94.03852545;96.57974053;127.2913514;0
337;TeamA;Provider3;56;97.30113122;90.87000417;80.6965672;0
338;TeamC;Provider3;60;86.41755545;103.1555992;137.1040771;1
339;TeamC;Provider3;6;132.093877;96.41462829;123.0306319;0
340;TeamA;Provider1;50;114.2781179;95.16679302;88.99069701;0
341;TeamB;Provider4;28;70.04576881;104.9802014;70.66169669;0
342;TeamB;Provider2;93;122.9730061;94.18413115;95.63839735;1
343;TeamC;Provider2;69;88.99176552;94.08955846;89.41488442;0
344;TeamB;Provider1;28;104.7316543;102.8613655;109.6280935;0
345;TeamA;Provider1;46;67.46314505;100.3128302;88.61622406;0
346;TeamB;Provider2;24;86.65688722;110.3557443;105.599702;0
347;TeamA;Provider1;61;130.6205854;117.5362464;72.85384667;0
348;TeamB;Provider1;77;136.3466953;96.60797615;99.96954104;0
349;TeamB;Provider2;54;117.6863649;105.2636914;69.38300103;0
350;TeamA;Provider2;22;86.81929694;85.25841804;115.9266443;0
351;TeamA;Provider3;63;77.4245435;89.95804395;112.2726752;0
352;TeamC;Provider4;81;136.5477996;97.29373333;105.3899691;1
353;TeamB;Provider3;65;75.46380429;113.00593;122.0091321;1
354;TeamC;Provider4;81;91.11156321;103.1377918;99.68259133;1
355;TeamC;Provider1;74;126.4345257;105.3148247;107.896672;1
356;TeamA;Provider4;66;93.31462565;97.26276037;90.12881011;0
357;TeamB;Provider4;85;76.06914566;97.0736997;83.24985338;0
358;TeamA;Provider3;30;106.8312633;101.2135811;79.91117353;0
359;TeamB;Provider1;80;104.7029198;101.7302246;68.59001585;1
360;TeamB;Provider1;80;64.97934021;102.1024831;82.67734265;1
361;TeamA;Provider4;63;90.99176758;93.95345499;81.09924955;0
362;TeamC;Provider1;19;76.23814115;106.7215997;123.1181318;0
363;TeamA;Provider3;54;112.2521075;102.8398951;103.1035794;0
364;TeamC;Provider2;40;105.5142856;99.48156441;62.08682761;0
365;TeamC;Provider4;35;138.9968485;86.86899972;89.35933861;0
366;TeamC;Provider2;29;80.7822454;94.55384281;87.47371346;0
367;TeamA;Provider4;89;58.28240383;99.04385992;59.1837539;1
368;TeamA;Provider1;80;126.2074958;108.3094338;115.5916939;1
369;TeamB;Provider2;33;111.737241;96.47043186;85.47370017;0
370;TeamA;Provider4;81;57.43642184;113.5861283;88.2030026;0
371;TeamA;Provider1;80;84.13029987;97.39921807;92.50226444;1
372;TeamA;Provider4;88;89.42263505;117.8713739;106.1169784;1
373;TeamB;Provider1;77;88.40910573;96.96752761;102.8770082;0
374;TeamA;Provider4;8;100.777048;86.18997764;93.77437822;0
375;TeamC;Provider1;2;132.8250743;103.2915252;132.9173555;0
376;TeamC;Provider2;14;93.80107698;95.22043506;114.1946583;0
377;TeamB;Provider1;80;116.0347608;113.029899;118.9841134;1
378;TeamC;Provider1;74;79.21047345;91.62352994;98.48603325;1
379;TeamC;Provider1;38;63.47598728;101.2841864;139.5592476;0
380;TeamA;Provider3;65;105.4103217;81.93303627;110.8174363;1
381;TeamB;Provider1;79;123.7075284;95.05824196;114.3150001;1
382;TeamB;Provider2;41;108.4494949;107.2553883;125.340291;0
383;TeamA;Provider3;13;85.78027201;92.84483672;90.2360567;0
384;TeamB;Provider2;42;129.7160319;101.1895895;99.92397973;0
385;TeamB;Provider2;92;65.7483249;94.92631364;102.3436485;1
386;TeamB;Provider2;92;83.3672664;112.1436343;115.0931378;1
387;TeamA;Provider3;65;111.9591844;117.9394084;98.52943386;1
388;TeamA;Provider3;34;133.8946635;105.3395675;90.33291737;0
389;TeamA;Provider3;65;95.31746825;80.63088947;92.21326954;1
390;TeamB;Provider3;65;100.3562126;103.8248007;86.08794063;1
391;TeamA;Provider3;65;104.6556904;93.5158375;107.7381429;1
392;TeamA;Provider1;80;107.3121062;99.27197297;102.0307612;1
393;TeamC;Provider2;61;129.4026635;105.4037907;87.55605965;0
394;TeamA;Provider2;45;88.04750683;108.4000402;90.87088496;0
395;TeamA;Provider2;33;129.540845;92.12162741;72.37703226;0
396;TeamA;Provider1;55;92.1617229;111.7654021;112.2239802;0
397;TeamC;Provider2;86;81.05687592;97.77739652;68.74486465;1
398;TeamC;Provider3;2;96.68465852;91.47319167;92.59096814;0
399;TeamB;Provider1;80;77.00011108;98.53532535;97.16121249;1
400;TeamB;Provider4;61;127.821078;95.99036544;104.1203675;0
401;TeamC;Provider2;62;105.6359631;92.74172011;98.90734463;0
402;TeamC;Provider3;23;86.3692016;80.8678127;52.58127457;0
403;TeamB;Provider2;60;109.1177255;92.77764496;98.68664627;0
404;TeamC;Provider1;73;96.97853587;80.58066955;121.4755021;1
405;TeamB;Provider2;92;120.1842062;82.46557766;132.2585991;1
406;TeamB;Provider4;50;108.5361485;107.4292572;73.02532901;0
407;TeamB;Provider2;92;79.39533761;94.7009006;115.1788376;1
408;TeamC;Provider1;46;96.65174149;107.9781424;116.7485215;0
409;TeamB;Provider1;79;83.85966038;86.36248475;110.8471409;1
410;TeamA;Provider4;67;85.57802723;100.6729505;118.5266303;0
411;TeamC;Provider4;54;129.8158207;96.95590895;111.1647232;0
412;TeamB;Provider2;27;93.67574478;101.9202298;117.4509664;0
413;TeamB;Provider2;93;94.01292355;107.9943727;86.82420605;1
414;TeamC;Provider4;81;98.56889316;106.0739247;62.08097086;0
415;TeamC;Provider2;86;85.54546864;103.5603805;95.46044467;1
416;TeamC;Provider2;6;97.52706923;101.249552;113.4265545;0
417;TeamC;Provider3;58;102.1167092;102.3093935;100.7171218;0
418;TeamC;Provider4;41;118.5137949;96.81729627;127.2798115;0
419;TeamB;Provider4;43;88.37081726;88.25204726;88.85615429;0
420;TeamB;Provider4;50;110.4460737;99.59673272;100.2521234;0
421;TeamA;Provider2;56;112.4511083;94.6896782;62.71681205;0
422;TeamB;Provider2;72;85.56228351;102.4185949;97.14373123;0
423;TeamB;Provider2;93;36.95721852;106.369383;87.53799466;1
424;TeamC;Provider2;86;123.3028407;103.7623283;49.0321527;1
425;TeamB;Provider2;5;86.67802992;97.62710347;107.5590712;0
426;TeamB;Provider4;67;71.49098287;93.2324069;111.7422413;0
427;TeamC;Provider2;85;69.53731478;82.61246511;120.2912622;1
428;TeamA;Provider4;83;100.2848608;102.4336216;106.1875516;0
429;TeamB;Provider2;88;103.1069062;100.2276629;70.15612853;0
430;TeamC;Provider4;33;99.16949664;109.0407797;105.1147708;0
431;TeamB;Provider4;82;89.03305936;102.111698;120.457516;0
432;TeamA;Provider2;93;96.00625928;91.51747606;95.30945357;1
433;TeamC;Provider2;12;104.4622671;100.0798604;78.32082733;0
434;TeamB;Provider1;20;144.8317169;117.9077792;108.9362241;0
435;TeamA;Provider2;92;95.11565143;84.65580465;122.7390448;1
436;TeamA;Provider2;69;66.93302741;95.69960941;115.3685257;0
437;TeamA;Provider1;52;71.22337836;91.64444738;99.06341525;0
438;TeamA;Provider2;55;103.4524605;99.76755611;128.0759255;0
439;TeamC;Provider4;72;118.4184127;98.54147055;112.487125;0
440;TeamB;Provider3;65;57.19314091;102.1576218;106.4484335;1
441;TeamC;Provider4;27;102.6766575;88.96320258;102.9798574;0
442;TeamA;Provider1;80;133.7792866;103.1399645;104.1215429;1
443;TeamA;Provider2;74;99.21774611;85.04469833;71.46352862;0
444;TeamA;Provider4;66;116.814456;96.56036437;122.2757262;0
445;TeamB;Provider3;7;120.2859938;103.4541368;90.56827189;0
446;TeamB;Provider1;79;112.9778763;98.3782401;125.7614657;1
447;TeamA;Provider2;92;116.7404122;104.2045991;129.3847289;1
448;TeamC;Provider1;73;94.38858829;117.5545718;137.6645123;1
449;TeamB;Provider4;53;116.9840757;85.83568366;104.9869855;0
450;TeamB;Provider4;88;73.70460011;95.0772386;105.5116164;1
451;TeamC;Provider4;81;121.6911516;96.44820999;108.489184;1
452;TeamA;Provider2;93;107.2713872;89.43047465;60.30010334;1
453;TeamA;Provider1;80;109.2796161;102.9387744;113.5224963;1
454;TeamC;Provider3;60;73.82682304;82.78028935;121.2022877;1
455;TeamB;Provider4;87;100.7690515;111.5098444;97.47350299;0
456;TeamB;Provider3;51;112.2059189;101.9365276;116.0347362;0
457;TeamA;Provider3;38;97.92286888;103.6839047;95.77434809;0
458;TeamA;Provider4;88;81.73325676;95.6129819;134.6336561;1
459;TeamB;Provider2;93;101.0718413;101.4597725;100.4683095;1
460;TeamC;Provider2;49;106.5604683;92.93064673;121.0338278;0
461;TeamC;Provider3;58;103.842346;88.89829459;93.43482374;0
462;TeamB;Provider3;65;89.63557821;93.41569831;119.5139037;1
463;TeamA;Provider4;88;121.2374588;88.68012128;86.83974385;1
464;TeamB;Provider1;57;99.29371474;98.01543531;122.8656317;0
465;TeamC;Provider2;1;141.0425952;113.3588218;91.31055355;0
466;TeamB;Provider4;74;62.11775037;95.0504184;84.07694229;0
467;TeamA;Provider2;49;86.45206246;85.44861354;86.04541606;0
468;TeamB;Provider2;92;114.2375319;104.4609854;139.9407679;1
469;TeamC;Provider1;74;82.87927937;99.50867566;84.82289168;1
470;TeamB;Provider3;65;111.0734869;90.44967458;89.94547053;1
471;TeamC;Provider2;18;105.6715844;114.5880459;120.043249;0
472;TeamA;Provider2;2;81.96399134;82.55990559;69.81572205;0
473;TeamB;Provider4;84;88.59556354;92.01723212;57.07911388;0
474;TeamB;Provider2;93;93.66493104;114.6482201;104.0389086;1
475;TeamB;Provider3;21;125.2429312;96.11064846;122.7510846;0
476;TeamC;Provider4;16;122.4142712;104.5029136;73.54281829;0
477;TeamB;Provider1;34;116.5570977;91.861367;86.41816173;0
478;TeamA;Provider4;88;124.919901;110.8317553;81.48699807;1
479;TeamC;Provider4;81;91.48387459;103.915682;105.9797527;1
480;TeamB;Provider4;88;99.20956467;102.7426686;76.15820848;1
481;TeamC;Provider3;60;105.3733927;87.22617684;72.06671706;1
482;TeamB;Provider2;35;70.95902236;91.05610686;83.54544289;0
483;TeamC;Provider1;74;100.8647969;108.0251614;86.01073964;1
484;TeamB;Provider1;12;62.33579998;92.24498992;93.70366556;0
485;TeamC;Provider3;60;98.19445357;94.19122048;75.88332481;1
486;TeamA;Provider1;11;94.55845182;97.76062025;81.06775078;0
487;TeamA;Provider4;48;101.7235342;87.62102969;110.2688197;0
488;TeamC;Provider1;62;94.60239889;99.90417874;76.53834937;0
489;TeamA;Provider2;59;110.9349035;93.21089513;155.3838857;0
490;TeamB;Provider2;93;68.43805127;87.65995975;91.91921815;1
491;TeamB;Provider3;5;124.060321;106.6025178;100.1367328;0
492;TeamC;Provider1;59;98.01613128;97.53770278;99.20396556;0
493;TeamB;Provider1;55;146.3333418;98.23750591;103.2092373;0
494;TeamA;Provider1;79;143.8070826;106.3239601;122.020558;1
495;TeamC;Provider1;11;94.60611059;113.9721223;68.8084124;0
496;TeamC;Provider2;18;83.2948559;107.5046306;94.22380183;0
497;TeamB;Provider1;55;92.65273389;88.29525666;95.71042159;0
498;TeamB;Provider2;93;115.0194282;113.8623509;86.31523612;1
499;TeamC;Provider4;81;127.2677998;84.26949324;93.03027489;1
500;TeamA;Provider1;80;95.91575356;95.06581029;84.59359472;1
501;TeamA;Provider1;80;95.07575508;104.6095164;68.87349656;1
502;TeamC;Provider1;74;87.50831657;90.08488794;74.33315664;1
503;TeamA;Provider3;65;129.9664351;95.76767249;110.7243672;1
504;TeamA;Provider2;93;143.5872596;87.52940523;95.59879603;1
505;TeamA;Provider1;79;121.3920162;116.1570602;131.3832723;1
506;TeamA;Provider1;23;98.2261406;102.2590175;71.95119998;0
507;TeamC;Provider4;34;67.47327555;107.3156409;83.05283881;0
508;TeamC;Provider2;85;105.9076314;116.0320561;119.3019094;1
509;TeamB;Provider3;52;93.09981147;103.4661907;71.49777571;0
510;TeamA;Provider3;65;119.1369483;101.3228819;82.66317043;1
511;TeamB;Provider4;71;88.18621311;116.0388643;103.5252337;0
512;TeamB;Provider3;60;86.00046399;100.1340867;111.4212249;0
513;TeamA;Provider3;38;79.74372147;88.19704009;96.94715708;0
514;TeamB;Provider2;66;91.05138614;97.52466441;78.61742661;0
515;TeamA;Provider2;39;101.6767349;104.4654632;78.75495455;0
516;TeamC;Provider4;74;109.5579662;115.1305817;126.3921548;0
517;TeamC;Provider4;55;110.0071726;110.6769931;149.4467203;0
518;TeamC;Provider2;54;69.02317525;103.6400105;49.81990264;0
519;TeamC;Provider4;59;118.4128433;98.19892544;73.37333135;0
520;TeamA;Provider2;27;86.0706438;104.9150315;137.6061546;0
521;TeamC;Provider3;34;152.2472591;104.4650216;68.16686514;0
522;TeamB;Provider4;7;124.3806396;101.5432185;102.6114378;0
523;TeamC;Provider2;20;130.7760286;107.1000442;94.5256947;0
524;TeamB;Provider4;88;97.00377888;104.6199843;120.7035003;1
525;TeamB;Provider1;41;103.2224299;88.18026489;99.3788547;0
526;TeamC;Provider3;8;76.31401714;96.53014316;77.80657861;0
527;TeamA;Provider4;31;71.32208515;101.3429664;117.5391579;0
528;TeamC;Provider1;36;137.2128229;108.4570164;133.6240548;0
529;TeamA;Provider2;92;126.8191693;83.31109493;117.6669629;1
530;TeamC;Provider4;81;88.01620789;101.2847496;93.07884665;1
531;TeamA;Provider2;23;77.528434;102.3763566;107.6887313;0
532;TeamB;Provider2;86;76.19664829;102.6919007;95.97696993;0
533;TeamB;Provider4;88;97.86140584;108.5911603;99.86760889;1
534;TeamA;Provider3;34;86.14392774;94.86906416;128.1063994;0
535;TeamA;Provider1;25;98.56261935;96.52450221;49.84846939;0
536;TeamA;Provider1;60;113.2269285;128.5950383;96.48873927;0
537;TeamC;Provider3;13;77.90980281;81.71882305;116.2701676;0
538;TeamB;Provider3;65;73.43908733;104.0279567;94.90692673;1
539;TeamA;Provider1;42;79.31455063;97.40118033;78.50646147;0
540;TeamC;Provider1;74;82.89800458;89.93110271;77.27328413;1
541;TeamC;Provider2;16;83.31611894;102.6538603;106.3237978;0
542;TeamA;Provider4;56;87.51321781;115.461282;104.0242329;0
543;TeamC;Provider3;2;69.93989757;86.29238721;91.86198316;0
544;TeamC;Provider2;40;80.40071612;116.0775585;94.01098349;0
545;TeamB;Provider4;8;71.98632777;91.96023876;109.951768;0
546;TeamB;Provider2;93;79.52418296;89.02241135;90.30989822;1
547;TeamC;Provider1;74;87.0741334;123.2676935;101.0064163;1
548;TeamB;Provider2;53;108.9292165;86.16872259;107.6951275;0
549;TeamB;Provider2;12;95.06305508;105.9859448;108.0082866;0
550;TeamA;Provider3;65;98.41174596;101.0983454;100.7630124;1
551;TeamB;Provider2;92;105.383124;106.4173177;133.6504699;1
552;TeamA;Provider2;34;75.17163243;99.06887516;105.6360835;0
553;TeamA;Provider2;92;111.2730416;84.02775136;122.1968428;1
554;TeamA;Provider2;93;89.10571119;94.89606948;93.73461694;1
555;TeamA;Provider1;80;136.363399;89.90204761;77.3760987;1
556;TeamB;Provider2;44;98.4683561;100.2308122;117.3528031;0
557;TeamC;Provider3;60;64.10778851;97.40847326;133.7448317;1
558;TeamC;Provider3;35;101.1146141;101.4435887;102.2526685;0
559;TeamC;Provider2;22;87.66982255;122.3591251;89.43135826;0
560;TeamA;Provider4;46;133.4835583;96.44604138;86.11773347;0
561;TeamC;Provider2;8;92.26027172;88.16059474;125.6750718;0
562;TeamC;Provider2;71;96.70897012;111.7631163;102.4023769;0
563;TeamC;Provider2;85;109.6262398;99.70414132;112.4182785;0
564;TeamB;Provider2;40;101.6326601;82.84151939;97.3135437;0
565;TeamB;Provider2;92;102.3409431;90.80665259;109.2338791;1
566;TeamA;Provider4;9;95.03146636;99.04378211;133.4637814;0
567;TeamA;Provider1;47;97.56399942;97.82876698;79.98840239;0
568;TeamB;Provider3;53;98.32962285;100.5938109;115.5741047;0
569;TeamC;Provider4;16;98.85788463;94.59619158;114.2934056;0
570;TeamA;Provider2;17;94.68950331;108.2822108;89.05813298;0
571;TeamA;Provider3;65;96.87798631;98.32454997;111.1276741;1
572;TeamA;Provider4;88;91.64573951;103.8590033;92.34526693;1
573;TeamB;Provider1;19;112.4033275;107.7383667;111.4792895;0
574;TeamA;Provider4;77;137.3669077;98.26301894;87.22526474;0
575;TeamB;Provider3;65;87.71379376;82.1579423;121.869236;1
576;TeamB;Provider2;63;110.083131;112.9812551;96.62748214;0
577;TeamC;Provider1;47;94.00602087;102.1411703;55.62637359;0
578;TeamC;Provider1;10;68.66148375;106.1703546;71.75791101;0
579;TeamA;Provider1;80;95.32397567;103.2903791;109.4110162;1
580;TeamC;Provider1;74;116.6319208;113.1316562;83.1886714;1
581;TeamB;Provider3;53;86.82007041;107.2141766;95.79943674;0
582;TeamB;Provider2;92;83.41775869;91.62927168;148.1284018;1
583;TeamB;Provider2;55;83.86989415;122.3492056;62.54817493;0
584;TeamC;Provider1;48;123.046048;103.7544081;95.82592896;0
585;TeamC;Provider2;85;94.60705053;102.8531259;100.2720256;1
586;TeamA;Provider3;65;112.8939709;104.7427573;107.3606306;1
587;TeamA;Provider3;61;109.2597706;92.25017384;70.1168102;0
588;TeamA;Provider1;32;127.2669194;93.92932564;73.3061197;0
589;TeamC;Provider2;86;99.64954629;104.9092518;93.43342614;1
590;TeamC;Provider3;60;51.46222395;100.5511169;106.5114031;1
591;TeamA;Provider4;85;67.46672736;111.2280979;89.08602618;0
592;TeamB;Provider4;18;124.5444495;94.49411538;130.8823582;0
593;TeamC;Provider4;81;70.23154327;118.9048733;103.6496815;1
594;TeamC;Provider4;81;93.62504245;111.7793293;126.9995764;1
595;TeamA;Provider1;80;80.8034882;101.63745;116.4650161;1
596;TeamB;Provider1;78;90.0703862;86.51678718;129.7877454;0
597;TeamA;Provider3;39;99.94713693;88.07971633;100.8153492;0
598;TeamA;Provider4;88;82.48807497;94.06325121;118.0945448;1
599;TeamA;Provider1;79;111.7661724;97.22459227;116.8030671;1
600;TeamC;Provider3;28;80.53923807;105.454307;117.1148201;0
601;TeamC;Provider2;86;119.1471724;88.69783307;44.05861937;1
602;TeamC;Provider1;74;75.24853056;106.8743245;53.86889154;1
603;TeamC;Provider4;81;97.50182643;92.22803866;80.80015925;1
604;TeamA;Provider2;34;56.91870478;74.74741543;94.92339697;0
605;TeamB;Provider1;80;96.10524366;116.4932538;97.14318758;1
606;TeamA;Provider3;2;69.04580099;104.2146142;83.07660209;0
607;TeamB;Provider1;80;83.12436689;103.9545199;92.11820297;1
608;TeamB;Provider3;49;96.0259551;101.7665745;129.3959183;0
609;TeamA;Provider1;73;62.21239864;97.98055543;112.045723;0
610;TeamC;Provider2;12;113.0339432;111.219653;107.9998787;0
611;TeamA;Provider4;18;90.24452612;109.5234175;123.3471888;0
612;TeamB;Provider4;88;115.250734;112.158815;102.0829817;1
613;TeamB;Provider3;60;110.8812294;90.74898805;105.0559928;0
614;TeamB;Provider3;15;73.64748388;108.8783622;120.1119781;0
615;TeamA;Provider4;44;131.5024077;106.5461545;109.8030349;0
616;TeamA;Provider3;30;130.0894769;96.36774655;103.6083438;0
617;TeamB;Provider2;12;107.3409195;89.53799142;76.75715125;0
618;TeamB;Provider4;80;89.88222274;103.8470332;90.89449635;0
619;TeamC;Provider3;60;84.25104439;101.3459037;137.7316507;1
620;TeamA;Provider1;77;99.55228351;99.26548504;91.46616916;0
621;TeamC;Provider4;9;105.7059853;93.9014404;114.6999018;0
622;TeamB;Provider2;17;63.68829486;87.04011662;124.5943298;0
623;TeamC;Provider1;74;104.171491;106.3856823;104.0160769;1
624;TeamA;Provider2;92;110.8689295;98.5840232;121.5605208;1
625;TeamC;Provider2;85;85.20434836;108.8334494;119.1640431;1
626;TeamB;Provider1;80;132.6130061;94.92467534;86.81560948;1
627;TeamB;Provider1;61;90.19991521;87.72408077;148.7948773;0
628;TeamC;Provider4;38;105.8495106;120.822109;102.8293459;0
629;TeamB;Provider4;48;105.5088984;117.3216561;92.40268117;0
630;TeamB;Provider3;65;84.75126749;121.8106661;102.97026;1
631;TeamC;Provider4;55;107.641318;113.5152512;90.9112721;0
632;TeamB;Provider4;88;85.58348492;106.1123531;92.08460808;1
633;TeamC;Provider2;80;93.28289225;112.06361;95.21773293;0
634;TeamC;Provider2;86;87.59504619;90.70366187;71.41243434;1
635;TeamC;Provider1;61;92.15915621;102.9923461;85.15456641;0
636;TeamA;Provider1;77;89.13264319;108.2812434;114.635357;0
637;TeamA;Provider1;61;137.1074186;89.75347336;83.12919201;0
638;TeamB;Provider1;80;103.6970951;119.0872405;107.2202127;1
639;TeamC;Provider2;85;85.33211838;92.97577656;139.8641702;1
640;TeamC;Provider1;71;114.6718716;106.0197614;90.69467731;0
641;TeamA;Provider4;35;88.71833465;79.23709873;123.5756211;0
642;TeamA;Provider1;7;103.9198822;104.4671814;114.6860223;0
643;TeamC;Provider2;10;116.2051523;95.81761984;114.0438889;0
644;TeamB;Provider1;80;112.5047783;95.39800589;86.09168244;1
645;TeamC;Provider3;60;112.2564357;85.24114778;106.784924;1
646;TeamA;Provider1;80;78.91818984;80.50030303;87.98640894;1
647;TeamC;Provider3;60;100.221632;101.3705708;112.342235;1
648;TeamB;Provider3;65;68.83180412;100.0075896;77.62546519;1
649;TeamC;Provider2;46;100.1303832;94.58529922;120.325407;0
650;TeamA;Provider2;93;92.97667487;98.64137136;101.3321156;1
651;TeamC;Provider1;50;81.60561713;88.6523958;80.05832135;0
652;TeamC;Provider3;28;126.1653198;93.49884742;87.98386127;0
653;TeamB;Provider2;92;106.0579014;80.75135411;111.4629184;1
654;TeamB;Provider4;51;83.84387513;96.46360873;92.79820374;0
655;TeamB;Provider4;12;126.8592528;92.55529087;109.7438203;0
656;TeamA;Provider1;4;89.9994371;104.9729116;129.9878939;0
657;TeamB;Provider3;65;96.53224252;96.26037495;76.08557046;1
658;TeamC;Provider1;53;99.23940261;105.9369748;100.6230519;0
659;TeamB;Provider3;35;115.3062038;105.9267071;75.19061894;0
660;TeamB;Provider2;20;104.6215697;113.2484212;110.2672376;0
661;TeamB;Provider1;60;111.3151668;106.4346117;77.21030463;0
662;TeamC;Provider4;56;99.1679382;99.38605273;93.00411663;0
663;TeamA;Provider2;72;105.0034653;113.9079658;92.92996339;0
664;TeamC;Provider3;60;130.5173334;94.24235329;77.07077762;1
665;TeamA;Provider4;37;106.1000779;99.84788693;93.34575008;0
666;TeamA;Provider1;80;79.25573205;112.6724587;124.736851;1
667;TeamA;Provider3;10;114.6843238;112.8651383;76.55626608;0
668;TeamC;Provider3;60;146.4982724;101.0899078;136.030098;1
669;TeamC;Provider3;9;95.42828461;104.9358887;128.7880801;0
670;TeamB;Provider3;9;58.57504538;107.644111;75.9997621;0
671;TeamC;Provider2;32;96.3452806;91.29465417;84.81261253;0
672;TeamA;Provider4;31;114.0235311;111.6055839;108.8943008;0
673;TeamB;Provider3;65;117.6266596;95.72529243;107.4600703;1
674;TeamB;Provider3;65;58.16388876;83.21343527;84.04405964;1
675;TeamC;Provider2;86;138.2638844;91.0466142;73.29702688;1
676;TeamC;Provider1;73;96.80196127;100.8711342;127.4278908;1
677;TeamC;Provider3;60;89.23363155;96.99857983;124.484758;1
678;TeamB;Provider1;80;136.5810149;92.82247469;87.67851893;1
679;TeamA;Provider2;58;117.9904551;97.06000359;128.812916;0
680;TeamC;Provider3;32;121.6938075;92.38315302;112.167476;0
681;TeamB;Provider1;79;83.50915384;80.19900228;135.1693172;1
682;TeamB;Provider1;24;60.1987941;112.2903308;101.8822342;0
683;TeamB;Provider3;65;120.4946348;120.355508;103.595199;1
684;TeamA;Provider1;71;78.35441224;115.1030776;120.4686983;0
685;TeamB;Provider3;56;105.6467623;99.5059735;73.96276076;0
686;TeamA;Provider1;79;99.73112801;78.91376847;103.067457;1
687;TeamA;Provider4;56;100.6223605;98.09015003;126.8485419;0
688;TeamA;Provider3;65;116.7030362;99.4532466;80.72306687;1
689;TeamC;Provider2;46;87.63602833;108.1085324;85.16860071;0
690;TeamB;Provider1;80;102.5176749;109.4756503;95.60684471;1
691;TeamC;Provider4;49;92.94336584;91.9105934;118.6429881;0
692;TeamA;Provider4;2;62.39240693;89.08275675;88.76889673;0
693;TeamC;Provider2;85;92.50877794;106.551167;106.5479672;1
694;TeamC;Provider1;73;95.12069014;83.91188494;121.0385472;1
695;TeamB;Provider2;24;90.18068383;104.2512406;90.37342086;0
696;TeamC;Provider4;67;90.08072329;114.4258633;86.140575;0
697;TeamA;Provider4;88;90.03014039;95.62513027;121.6596974;1
698;TeamC;Provider4;81;85.12634681;112.5891621;104.2853153;1
699;TeamA;Provider3;42;141.3049796;100.565399;90.687831;0
700;TeamB;Provider2;5;69.29337314;109.4179077;111.6442027;0
701;TeamB;Provider4;88;114.5215235;110.5097425;107.1263062;1
702;TeamB;Provider1;31;66.05914598;91.08115049;132.8960253;0
703;TeamC;Provider1;73;101.2279631;95.88523063;112.0732419;1
704;TeamA;Provider4;88;110.0090321;111.6681873;108.5662;1
705;TeamB;Provider1;80;102.1307254;117.0454427;80.10887306;1
706;TeamA;Provider3;20;102.5645544;115.5031125;91.46874009;0
707;TeamC;Provider2;16;113.4407661;84.56255085;98.27463019;0
708;TeamB;Provider2;4;46.60128721;114.4996363;71.80056052;0
709;TeamA;Provider2;7;111.5163715;98.31505149;123.3052926;0
710;TeamA;Provider2;56;99.46358828;109.1463596;119.9772055;0
711;TeamA;Provider2;41;93.7971681;92.23087548;117.8775732;0
712;TeamA;Provider4;45;81.67473275;81.85356258;83.42249496;0
713;TeamA;Provider4;62;116.6123569;99.96354325;137.4741755;0
714;TeamA;Provider2;26;105.3398198;106.0510666;105.3091613;0
715;TeamC;Provider3;8;102.5285553;109.6696888;125.6032844;0
716;TeamC;Provider2;19;115.5279271;102.9124784;92.37923722;0
717;TeamA;Provider4;88;82.86997595;108.3881143;105.1152794;1
718;TeamA;Provider2;79;123.1083489;109.9657864;119.8540501;0
719;TeamC;Provider4;2;113.7242812;97.6195071;102.4971134;0
720;TeamA;Provider2;90;87.72727391;117.5135353;42.27959777;0
721;TeamC;Provider2;5;92.5804527;116.1966992;105.8270944;0
722;TeamB;Provider4;88;72.87854742;99.81103132;99.98644583;1
723;TeamB;Provider3;18;84.53736236;106.0971892;141.8914187;0
724;TeamB;Provider4;57;121.7053459;96.53701627;108.3030495;0
725;TeamC;Provider1;72;49.60538555;94.56565418;81.18539743;0
726;TeamA;Provider1;80;92.48346899;102.6948173;91.39246184;1
727;TeamC;Provider3;60;91.58886359;111.1621117;102.8762405;1
728;TeamA;Provider1;80;104.5512445;103.1169775;96.76267759;1
729;TeamB;Provider3;65;113.7301442;102.2540164;92.79302585;1
730;TeamC;Provider4;42;116.5487897;93.29411388;100.4592065;0
731;TeamA;Provider2;93;87.73855425;100.0435914;104.753569;1
732;TeamB;Provider4;38;121.8713508;107.835907;114.6001775;0
733;TeamC;Provider3;60;70.36458943;104.6835089;93.4643859;1
734;TeamA;Provider1;62;134.4874366;84.04373237;120.353069;0
735;TeamB;Provider3;65;77.20681327;95.44711572;111.5351793;1
736;TeamB;Provider1;42;89.50688382;94.37580023;99.81819568;0
737;TeamA;Provider3;65;101.7687594;107.2465113;99.63780661;1
738;TeamA;Provider3;26;92.17880634;101.0721874;67.25648332;0
739;TeamC;Provider2;35;126.1254999;102.2623872;90.11035352;0
740;TeamB;Provider4;17;113.1199934;101.1092512;75.30231632;0
741;TeamA;Provider3;2;113.6090937;83.46267061;104.1224911;0
742;TeamB;Provider4;16;88.04593898;94.6499297;90.7504789;0
743;TeamC;Provider4;24;80.44794663;87.76108377;112.6088848;0
744;TeamA;Provider2;59;98.59001085;104.655602;127.0598802;0
745;TeamA;Provider1;79;127.5206011;75.91283991;119.861342;1
746;TeamB;Provider4;37;93.7078384;114.396699;115.0832449;0
747;TeamB;Provider2;93;81.28916813;105.8568185;80.75742109;1
748;TeamB;Provider2;26;92.540717;88.18427275;115.3353489;0
749;TeamA;Provider3;27;135.587121;97.88356459;92.80935236;0
750;TeamB;Provider3;65;81.75718946;99.35744751;98.51566602;1
751;TeamC;Provider3;52;65.64282279;76.75852253;113.5163748;0
752;TeamC;Provider2;62;94.41582296;95.0731171;107.6967466;0
753;TeamC;Provider4;53;106.4488937;108.4005876;93.35842227;0
754;TeamA;Provider4;67;82.17819319;88.83202799;102.7250535;0
755;TeamA;Provider3;49;114.798646;93.48883157;54.85463932;0
756;TeamC;Provider4;58;111.6453989;87.89884994;79.45524105;0
757;TeamA;Provider1;33;95.61878045;103.3933774;109.7863541;0
758;TeamB;Provider4;88;119.0728916;111.1276651;116.1649707;1
759;TeamA;Provider3;65;114.6897687;92.65291582;111.15933;1
760;TeamB;Provider3;65;97.61987153;95.60150259;88.37180867;1
761;TeamB;Provider1;80;33.48191737;102.3103093;97.35961631;1
762;TeamA;Provider3;16;82.42322758;81.03770521;83.03736305;0
763;TeamA;Provider3;10;72.01005056;109.5603947;132.4949068;0
764;TeamC;Provider2;4;95.83270361;102.60874;102.7298925;0
765;TeamA;Provider1;80;112.0956784;95.34112341;91.10385148;1
766;TeamB;Provider1;72;82.51900511;99.43773299;95.52186729;0
767;TeamB;Provider1;79;96.48678974;96.47253257;134.0993917;1
768;TeamC;Provider2;77;100.1031836;105.2449218;100.0956146;0
769;TeamC;Provider2;71;87.81222539;103.4070849;111.9665528;0
770;TeamB;Provider2;45;113.5169831;76.99989789;77.19401385;0
771;TeamA;Provider4;81;110.076247;97.36370029;89.47804982;0
772;TeamC;Provider4;82;81.36962424;109.0622125;82.35935334;1
773;TeamB;Provider1;46;90.14957518;108.5000483;82.37295228;0
774;TeamA;Provider3;26;91.06149269;104.8846811;60.61123187;0
775;TeamB;Provider4;21;119.4140619;112.1013459;85.28897211;0
776;TeamA;Provider1;8;104.7586955;126.3110635;99.32586687;0
777;TeamC;Provider1;31;118.3935992;94.3830959;110.9381936;0
778;TeamC;Provider2;85;92.68039619;103.8757566;121.4210197;1
779;TeamA;Provider3;19;94.15601843;123.0806296;105.3645153;0
780;TeamC;Provider4;81;93.24211823;108.7066627;110.1829006;1
781;TeamC;Provider2;41;61.94270337;81.57661877;127.5978295;0
782;TeamC;Provider2;28;92.43671384;103.4157814;84.35551244;0
783;TeamA;Provider1;80;75.0604639;91.73103628;57.34534891;1
784;TeamB;Provider4;88;83.32483885;97.97364021;65.21580585;1
785;TeamB;Provider3;66;87.64751401;112.6685491;77.59314255;1
786;TeamC;Provider2;65;87.09320002;100.2632976;96.76811894;0
787;TeamB;Provider3;10;122.7898163;81.32268697;87.05655228;0
788;TeamA;Provider1;80;106.3317345;107.4080993;107.4768874;1
789;TeamB;Provider3;65;70.9206612;98.72240236;76.54239502;1
790;TeamA;Provider3;65;83.03044607;107.6538483;92.02624326;1
791;TeamA;Provider1;44;113.068106;94.94439656;106.5518926;0
792;TeamA;Provider1;80;113.601145;92.24315126;109.8760155;1
793;TeamC;Provider3;17;81.07606688;92.81724306;123.0878047;0
794;TeamB;Provider1;22;89.22954094;114.8303256;117.8925563;0
795;TeamA;Provider2;47;92.01036137;95.8537947;114.1714076;0
796;TeamC;Provider4;5;57.60764935;100.5543245;73.99386306;0
797;TeamB;Provider4;47;131.8385011;107.5304932;93.02570296;0
798;TeamB;Provider1;27;138.9963047;97.67299844;104.9696808;0
799;TeamA;Provider4;42;107.1796832;84.26251393;111.5631001;0
800;TeamA;Provider2;92;113.5985097;87.03884506;112.4952072;1
801;TeamA;Provider2;37;124.1530955;97.44047556;101.92534;0
802;TeamA;Provider2;92;108.3393848;102.1765619;121.3259062;1
803;TeamC;Provider4;4;117.7823809;94.5356663;91.72599463;0
804;TeamA;Provider4;88;89.35061975;95.22812545;99.08231665;1
805;TeamB;Provider2;30;81.41411179;77.84237127;76.29286351;0
806;TeamA;Provider4;78;75.80609176;80.41630602;101.5804487;0
807;TeamB;Provider2;23;89.06199119;99.90487827;73.71605989;0
808;TeamB;Provider1;9;96.70986038;89.49637124;91.67263447;0
809;TeamB;Provider4;31;113.211629;102.3871274;81.90237741;0
810;TeamA;Provider1;79;81.94738031;90.12448188;114.5670649;1
811;TeamB;Provider1;68;85.56227794;111.9108143;95.9716024;0
812;TeamB;Provider1;80;104.6820796;106.7360984;102.6007936;1
813;TeamC;Provider1;43;115.8488571;89.61652905;138.311966;0
814;TeamB;Provider1;80;114.2240915;92.57438525;81.39597051;1
815;TeamB;Provider1;29;96.96522323;102.8360181;104.7856021;0
816;TeamC;Provider1;74;114.2631231;86.83758483;86.63390737;1
817;TeamB;Provider2;92;105.0747055;98.55536282;130.5570767;1
818;TeamB;Provider1;80;129.9217437;104.5983261;65.18346688;1
819;TeamA;Provider2;66;119.5429652;94.43931888;114.9243374;0
820;TeamA;Provider4;88;90.20118571;89.42175577;119.5940377;1
821;TeamA;Provider4;37;105.5712867;101.7670565;63.18449738;0
822;TeamB;Provider1;80;85.21625561;88.57300613;70.92465014;1
823;TeamA;Provider2;12;56.90766195;70.92881491;110.7122015;0
824;TeamB;Provider3;65;107.2584217;108.2827754;93.91395318;1
825;TeamC;Provider2;23;102.1557371;103.4316575;87.24826931;0
826;TeamA;Provider2;69;112.1474165;104.1635614;82.13596405;0
827;TeamB;Provider4;49;101.8051589;116.5310626;106.7305167;0
828;TeamC;Provider4;81;83.48699368;100.5588038;128.3033183;1
829;TeamC;Provider4;40;126.3497155;119.0122866;80.55511582;0
830;TeamA;Provider3;44;124.3589233;97.19907991;46.85704695;0
831;TeamB;Provider1;72;114.8598046;110.4739002;91.61400596;0
832;TeamA;Provider2;93;77.70504868;83.97763667;64.88013098;1
833;TeamA;Provider2;69;117.083811;101.9919728;96.95931027;0
834;TeamC;Provider1;49;111.4722536;85.84924473;128.3332476;0
835;TeamB;Provider3;4;122.2064503;94.67305419;112.4178876;0
836;TeamC;Provider4;81;111.0257141;93.40602817;80.99028054;1
837;TeamB;Provider3;65;76.81390329;88.48760552;97.91723838;1
838;TeamB;Provider3;5;87.41407071;94.77453536;97.78208935;0
839;TeamB;Provider3;22;95.4696821;75.45927052;120.3658475;0
840;TeamB;Provider1;80;106.1130127;102.3813186;93.40801931;1
841;TeamC;Provider1;73;86.07886827;96.4323304;149.924611;1
842;TeamB;Provider4;88;94.46946956;116.7277592;80.76109253;1
843;TeamB;Provider4;88;95.21735068;106.1197597;88.43730614;1
844;TeamA;Provider4;39;85.80748956;93.02524417;96.3568589;0
845;TeamA;Provider2;58;138.729936;84.25043595;73.31904291;0
846;TeamA;Provider2;67;97.32105012;93.09866928;114.8743613;0
847;TeamC;Provider3;60;88.46874409;104.7434586;86.83447267;1
848;TeamA;Provider1;29;83.45815627;83.76541926;108.4264351;0
849;TeamB;Provider3;44;132.8335446;106.0307272;84.6399811;0
850;TeamB;Provider1;5;64.84102158;87.63241888;84.74365498;0
851;TeamA;Provider2;31;130.4633019;113.0289302;109.8976734;0
852;TeamB;Provider2;5;89.30661009;98.71708976;99.76389665;0
853;TeamA;Provider1;79;84.6746399;87.14461217;124.5358699;1
854;TeamB;Provider2;38;112.8676307;119.1295103;119.151983;0
855;TeamA;Provider3;2;99.55729989;75.06279953;101.1478423;0
856;TeamB;Provider2;92;62.86186865;112.9621698;117.1686465;1
857;TeamB;Provider1;34;96.4221917;98.22750893;95.26037259;0
858;TeamC;Provider1;74;120.1676238;88.73972756;71.32737145;1
859;TeamC;Provider1;73;103.3218849;77.65152004;124.6895599;1
860;TeamA;Provider2;63;90.16256001;91.43521609;110.7019087;0
861;TeamB;Provider3;65;94.24723246;107.260203;77.81619344;1
862;TeamB;Provider2;31;104.2805506;97.61164939;106.867088;0
863;TeamB;Provider3;42;104.4344592;99.80887167;92.74548648;0
864;TeamA;Provider3;42;39.78317591;102.6579809;108.621829;0
865;TeamB;Provider1;19;97.87080501;104.0255241;78.4914549;0
866;TeamC;Provider1;36;101.5846744;93.19685586;53.68552772;0
867;TeamB;Provider3;36;117.0221942;91.2739045;99.18399217;0
868;TeamC;Provider2;16;79.97226263;116.1120162;127.3901657;0
869;TeamB;Provider1;79;87.42199024;110.9415742;129.6915102;1
870;TeamA;Provider1;80;62.64646201;101.5569311;115.4800775;1
871;TeamC;Provider3;60;92.77751204;101.0364492;99.01180073;1
872;TeamB;Provider3;51;65.25918125;98.8748043;86.52544178;0
873;TeamB;Provider1;67;139.5743417;100.5087382;69.38011409;0
874;TeamB;Provider4;88;86.69146311;96.49318685;72.22892252;1
875;TeamC;Provider1;19;107.5901149;87.91663016;122.1541802;0
876;TeamB;Provider4;35;113.4352002;94.69792313;95.78505053;0
877;TeamB;Provider2;2;106.6969636;97.21304372;93.85869715;0
878;TeamA;Provider3;65;96.17271983;78.30528722;119.595801;1
879;TeamA;Provider3;65;103.8805889;112.0110167;133.4597497;1
880;TeamB;Provider2;45;87.91652826;73.43455423;135.8513241;0
881;TeamA;Provider2;17;106.9841215;91.1878978;98.22838553;0
882;TeamC;Provider1;73;77.26951694;82.99944993;125.4883602;1
883;TeamB;Provider3;65;92.32067629;99.02341879;113.188661;1
884;TeamB;Provider1;61;80.60779421;102.9776209;103.6789277;0
885;TeamB;Provider2;93;81.13096087;104.561665;93.48403916;1
886;TeamA;Provider1;80;138.3759366;110.5161483;112.9856511;1
887;TeamA;Provider1;27;106.7294506;101.1249579;100.1692002;0
888;TeamB;Provider4;29;93.78066682;95.35328972;82.56648328;0
889;TeamC;Provider3;60;120.3512884;93.77154151;114.2516554;1
890;TeamA;Provider2;14;90.57959798;96.70531603;136.1321316;0
891;TeamC;Provider3;60;42.44635676;92.87398652;105.6019068;1
892;TeamA;Provider2;18;138.4454389;99.62344687;93.4746867;0
893;TeamA;Provider2;92;127.6631691;95.73106664;133.6236876;1
894;TeamB;Provider3;27;100.4601827;98.82130347;76.443343;0
895;TeamC;Provider2;44;109.5958521;90.89258319;143.3595386;0
896;TeamC;Provider3;45;96.98795347;96.98695666;62.95617977;0
897;TeamB;Provider2;11;166.7858975;97.24421296;89.58568737;0
898;TeamA;Provider2;38;91.16611817;95.08496803;101.3501698;0
899;TeamB;Provider2;32;128.9411083;97.25785131;88.69819983;0
900;TeamC;Provider4;56;98.83673629;104.9088072;114.3900269;0
901;TeamB;Provider1;9;80.42128326;97.10285708;91.440331;0
902;TeamB;Provider1;78;84.46620776;106.5032417;96.46031059;0
903;TeamC;Provider3;60;89.95337574;88.1673482;116.5434247;1
904;TeamA;Provider1;80;121.1658905;102.8413903;93.0974028;1
905;TeamB;Provider1;80;77.12083796;103.721079;78.25048078;1
906;TeamA;Provider2;93;81.71752422;101.3424149;87.017921;1
907;TeamA;Provider3;66;89.74268264;85.25810757;44.33108441;1
908;TeamA;Provider4;41;101.6701795;82.07504486;102.3655284;0
909;TeamB;Provider4;88;86.88757075;106.6893263;95.55979966;1
910;TeamB;Provider2;67;95.59981157;97.55150136;129.203039;0
911;TeamB;Provider1;80;103.0135453;86.58222924;69.53376531;1
912;TeamA;Provider4;54;98.68886709;125.3812758;123.3805805;0
913;TeamC;Provider3;55;106.6486289;95.08878787;110.8264747;0
914;TeamC;Provider4;81;101.637611;97.60178301;118.0431521;1
915;TeamB;Provider1;40;128.2207485;110.4003294;85.37598469;0
916;TeamA;Provider4;88;101.8850304;80.20631364;111.2401286;1
917;TeamC;Provider2;85;88.55083112;95.97581186;118.0588863;0
918;TeamC;Provider3;60;122.1087757;98.82456948;96.96869193;1
919;TeamA;Provider2;88;93.45679795;104.029526;103.4074918;0
920;TeamB;Provider3;65;104.5401682;108.4201565;104.4062563;0
921;TeamB;Provider1;79;74.82551372;86.26659608;109.5085553;1
922;TeamC;Provider3;41;74.97672381;83.63147022;89.18130235;0
923;TeamA;Provider3;66;100.7887618;98.59732672;66.33906123;1
924;TeamA;Provider2;10;133.4265573;107.4336744;95.73557981;0
925;TeamC;Provider2;12;75.4853782;92.61947424;108.0423921;0
926;TeamB;Provider2;25;91.06771541;99.41313697;106.6359452;0
927;TeamC;Provider3;25;113.8749271;91.0343136;114.3053581;0
928;TeamC;Provider2;42;88.40955072;111.8542572;92.50320389;0
929;TeamA;Provider2;12;69.80779035;83.67069847;82.23645826;0
930;TeamB;Provider1;80;129.1863512;90.99237878;91.12806915;1
931;TeamB;Provider2;57;112.9292352;97.33062442;96.27540641;0
932;TeamB;Provider3;44;79.59452653;100.1106956;98.43332131;0
933;TeamC;Provider1;9;90.78568329;94.05537051;84.73797429;0
934;TeamC;Provider4;81;52.49765001;90.09954474;84.82670487;1
935;TeamA;Provider2;17;110.3339493;113.9085168;101.7005933;0
936;TeamA;Provider3;65;64.03563589;99.82619873;106.3987993;1
937;TeamC;Provider3;26;121.9064549;78.64690295;101.4990011;0
938;TeamB;Provider3;65;95.28030654;105.6102415;104.2267675;1
939;TeamA;Provider3;65;119.0011817;108.5672605;90.21907271;1
940;TeamA;Provider4;73;103.8813764;93.1331722;92.27922542;0
941;TeamB;Provider4;88;84.29478616;85.65029662;93.81460506;1
942;TeamC;Provider1;73;70.96539336;96.23301107;123.2548138;1
943;TeamB;Provider3;66;71.92183381;106.8901076;66.868012;1
944;TeamA;Provider2;53;112.4122561;109.3399773;132.6489933;0
945;TeamB;Provider1;63;94.57927475;100.776327;111.9414802;0
946;TeamC;Provider4;77;98.14966037;84.2348114;99.79866988;0
947;TeamA;Provider2;93;98.37929005;96.96697723;76.26973887;1
948;TeamB;Provider4;88;120.6151502;86.09934693;89.08310201;1
949;TeamA;Provider2;68;118.0070529;84.5964103;109.636018;0
950;TeamC;Provider1;74;110.1976712;109.9128786;96.71791287;1
951;TeamA;Provider3;27;80.19902714;108.4494863;96.28547323;0
952;TeamA;Provider3;13;100.0915524;98.56383772;127.8021082;0
953;TeamB;Provider4;49;105.5421334;97.28968823;112.9373963;0
954;TeamC;Provider3;2;70.16567395;101.9694427;114.6269398;0
955;TeamB;Provider1;80;75.6867736;97.27128211;112.4831253;1
956;TeamC;Provider3;18;150.1404798;94.52318723;128.2809537;0
957;TeamB;Provider2;23;107.5213703;98.97375537;110.1142502;0
958;TeamA;Provider3;14;85.73088376;104.2604324;81.1547673;0
959;TeamC;Provider2;30;99.65564682;95.30300146;60.70238138;0
960;TeamC;Provider2;28;56.72643095;92.31284639;117.2177177;0
961;TeamB;Provider3;65;81.71098194;99.14965123;93.16406456;1
962;TeamC;Provider3;34;102.0595059;83.97148642;86.24532972;0
963;TeamB;Provider4;88;103.2401042;106.61584;90.70206847;1
964;TeamC;Provider1;30;84.58244428;98.42001087;88.00175655;0
965;TeamB;Provider1;79;82.61501033;102.9596453;124.0469975;1
966;TeamB;Provider3;44;104.4124785;104.8934097;117.2735726;0
967;TeamA;Provider1;80;70.76412566;88.90264367;107.2609915;1
968;TeamA;Provider4;88;99.68203559;115.8417289;104.0767926;1
969;TeamB;Provider4;88;74.03205981;81.48540424;122.9497116;1
970;TeamC;Provider1;48;143.5503382;97.50586632;121.1105841;0
971;TeamC;Provider4;81;77.69900009;109.9499969;143.9519908;1
972;TeamC;Provider4;81;79.74938628;78.281154;87.93739852;1
973;TeamC;Provider2;81;90.78063751;99.8653775;99.6011896;0
974;TeamC;Provider3;60;117.7069331;114.818523;104.29978;1
975;TeamA;Provider4;64;119.6780052;99.67938347;114.9546663;0
976;TeamB;Provider4;88;70.16802889;93.12458318;86.05930834;1
977;TeamC;Provider2;86;83.27692515;109.7798078;101.1799657;1
978;TeamB;Provider1;80;111.9914415;106.2575243;110.3341415;1
979;TeamA;Provider3;65;102.7767557;111.4517798;112.9557703;1
980;TeamA;Provider2;55;87.946098;96.13748874;107.1117844;0
981;TeamA;Provider2;25;92.57385892;103.6563739;103.262856;0
982;TeamC;Provider4;52;88.20535721;110.3469315;99.49648475;0
983;TeamA;Provider1;29;140.3729067;104.5390305;82.25351215;0
984;TeamA;Provider3;58;95.30752801;97.49013516;102.3134457;0
985;TeamB;Provider3;66;76.76990774;110.1044455;76.71751602;1
986;TeamA;Provider1;36;119.0339468;120.1119323;70.32511371;0
987;TeamB;Provider4;88;113.7665009;88.42367648;110.0930537;1
988;TeamB;Provider2;67;109.7687115;93.37811705;122.1599585;0
989;TeamA;Provider2;45;125.7018715;101.9967219;58.30095817;0
990;TeamB;Provider3;30;93.88255716;103.1290149;110.2320489;0
991;TeamA;Provider3;65;86.98757582;123.6561241;106.6508842;1
992;TeamC;Provider2;76;87.85255835;94.28668724;114.1031517;0
993;TeamC;Provider3;60;115.7507865;98.76222896;101.2066501;1
994;TeamA;Provider3;65;94.68396594;108.9614215;118.0273944;1
995;TeamB;Provider1;80;110.2297466;101.4455226;75.63057702;1
996;TeamB;Provider4;88;88.58975909;112.1675561;99.86145565;1
997;TeamA;Provider4;88;116.7270751;110.8713319;95.07563134;1
998;TeamB;Provider1;22;104.0267784;88.21287267;83.22122036;0
999;TeamA;Provider4;78;104.9116487;104.2572957;83.42149109;0
1000;TeamB;Provider1;63;116.9013541;99.99869359;47.64149344;0
