"Alkuaika UTC","Lopetusaika UTC","Alkuaika UTC+02:00","Lopetusaika UTC+02:00","Sähkön kulutus Suomessa"
"2009-12-31 22:00:00","2009-12-31 23:00:00","2010-01-01 00:00:00","2010-01-01 01:00:00","11214.0"
"2009-12-31 23:00:00","2010-01-01 00:00:00","2010-01-01 01:00:00","2010-01-01 02:00:00","10809.0"
"2010-01-01 00:00:00","2010-01-01 01:00:00","2010-01-01 02:00:00","2010-01-01 03:00:00","10467.0"
"2010-01-01 01:00:00","2010-01-01 02:00:00","2010-01-01 03:00:00","2010-01-01 04:00:00","10251.0"
"2010-01-01 02:00:00","2010-01-01 03:00:00","2010-01-01 04:00:00","2010-01-01 05:00:00","10173.0"
"2010-01-01 03:00:00","2010-01-01 04:00:00","2010-01-01 05:00:00","2010-01-01 06:00:00","10195.0"
"2010-01-01 04:00:00","2010-01-01 05:00:00","2010-01-01 06:00:00","2010-01-01 07:00:00","10345.0"
"2010-01-01 05:00:00","2010-01-01 06:00:00","2010-01-01 07:00:00","2010-01-01 08:00:00","10222.0"
"2010-01-01 06:00:00","2010-01-01 07:00:00","2010-01-01 08:00:00","2010-01-01 09:00:00","10374.0"
"2010-01-01 07:00:00","2010-01-01 08:00:00","2010-01-01 09:00:00","2010-01-01 10:00:00","10364.0"
"2010-01-01 08:00:00","2010-01-01 09:00:00","2010-01-01 10:00:00","2010-01-01 11:00:00","10430.0"
"2010-01-01 09:00:00","2010-01-01 10:00:00","2010-01-01 11:00:00","2010-01-01 12:00:00","10606.0"
"2010-01-01 10:00:00","2010-01-01 11:00:00","2010-01-01 12:00:00","2010-01-01 13:00:00","10751.0"
"2010-01-01 11:00:00","2010-01-01 12:00:00","2010-01-01 13:00:00","2010-01-01 14:00:00","10823.0"
"2010-01-01 12:00:00","2010-01-01 13:00:00","2010-01-01 14:00:00","2010-01-01 15:00:00","10923.0"
"2010-01-01 13:00:00","2010-01-01 14:00:00","2010-01-01 15:00:00","2010-01-01 16:00:00","11267.0"
"2010-01-01 14:00:00","2010-01-01 15:00:00","2010-01-01 16:00:00","2010-01-01 17:00:00","11863.0"
"2010-01-01 15:00:00","2010-01-01 16:00:00","2010-01-01 17:00:00","2010-01-01 18:00:00","11984.0"
"2010-01-01 16:00:00","2010-01-01 17:00:00","2010-01-01 18:00:00","2010-01-01 19:00:00","12067.0"
"2010-01-01 17:00:00","2010-01-01 18:00:00","2010-01-01 19:00:00","2010-01-01 20:00:00","12081.0"
"2010-01-01 18:00:00","2010-01-01 19:00:00","2010-01-01 20:00:00","2010-01-01 21:00:00","11906.0"
"2010-01-01 19:00:00","2010-01-01 20:00:00","2010-01-01 21:00:00","2010-01-01 22:00:00","11718.0"
"2010-01-01 20:00:00","2010-01-01 21:00:00","2010-01-01 22:00:00","2010-01-01 23:00:00","12304.0"
"2010-01-01 21:00:00","2010-01-01 22:00:00","2010-01-01 23:00:00","2010-01-02 00:00:00","11933.0"
"2010-01-01 22:00:00","2010-01-01 23:00:00","2010-01-02 00:00:00","2010-01-02 01:00:00","11449.0"
"2010-01-01 23:00:00","2010-01-02 00:00:00","2010-01-02 01:00:00","2010-01-02 02:00:00","11064.0"
"2010-01-02 00:00:00","2010-01-02 01:00:00","2010-01-02 02:00:00","2010-01-02 03:00:00","10871.0"
"2010-01-02 01:00:00","2010-01-02 02:00:00","2010-01-02 03:00:00","2010-01-02 04:00:00","10817.0"
"2010-01-02 02:00:00","2010-01-02 03:00:00","2010-01-02 04:00:00","2010-01-02 05:00:00","10800.0"
"2010-01-02 03:00:00","2010-01-02 04:00:00","2010-01-02 05:00:00","2010-01-02 06:00:00","10882.0"
"2010-01-02 04:00:00","2010-01-02 05:00:00","2010-01-02 06:00:00","2010-01-02 07:00:00","11142.0"
"2010-01-02 05:00:00","2010-01-02 06:00:00","2010-01-02 07:00:00","2010-01-02 08:00:00","11081.0"
"2010-01-02 06:00:00","2010-01-02 07:00:00","2010-01-02 08:00:00","2010-01-02 09:00:00","11418.0"
"2010-01-02 07:00:00","2010-01-02 08:00:00","2010-01-02 09:00:00","2010-01-02 10:00:00","11509.0"
"2010-01-02 08:00:00","2010-01-02 09:00:00","2010-01-02 10:00:00","2010-01-02 11:00:00","11637.0"
"2010-01-02 09:00:00","2010-01-02 10:00:00","2010-01-02 11:00:00","2010-01-02 12:00:00","11667.0"
"2010-01-02 10:00:00","2010-01-02 11:00:00","2010-01-02 12:00:00","2010-01-02 13:00:00","11620.0"
"2010-01-02 11:00:00","2010-01-02 12:00:00","2010-01-02 13:00:00","2010-01-02 14:00:00","11608.0"
"2010-01-02 12:00:00","2010-01-02 13:00:00","2010-01-02 14:00:00","2010-01-02 15:00:00","11593.0"
"2010-01-02 13:00:00","2010-01-02 14:00:00","2010-01-02 15:00:00","2010-01-02 16:00:00","11981.0"
"2010-01-02 14:00:00","2010-01-02 15:00:00","2010-01-02 16:00:00","2010-01-02 17:00:00","12592.0"
"2010-01-02 15:00:00","2010-01-02 16:00:00","2010-01-02 17:00:00","2010-01-02 18:00:00","12821.0"
"2010-01-02 16:00:00","2010-01-02 17:00:00","2010-01-02 18:00:00","2010-01-02 19:00:00","12960.0"
"2010-01-02 17:00:00","2010-01-02 18:00:00","2010-01-02 19:00:00","2010-01-02 20:00:00","12940.0"
"2010-01-02 18:00:00","2010-01-02 19:00:00","2010-01-02 20:00:00","2010-01-02 21:00:00","12686.0"
"2010-01-02 19:00:00","2010-01-02 20:00:00","2010-01-02 21:00:00","2010-01-02 22:00:00","12360.0"
"2010-01-02 20:00:00","2010-01-02 21:00:00","2010-01-02 22:00:00","2010-01-02 23:00:00","12888.0"
"2010-01-02 21:00:00","2010-01-02 22:00:00","2010-01-02 23:00:00","2010-01-03 00:00:00","12593.0"
"2010-01-02 22:00:00","2010-01-02 23:00:00","2010-01-03 00:00:00","2010-01-03 01:00:00","12121.0"
"2010-01-02 23:00:00","2010-01-03 00:00:00","2010-01-03 01:00:00","2010-01-03 02:00:00","11662.0"
"2010-01-03 00:00:00","2010-01-03 01:00:00","2010-01-03 02:00:00","2010-01-03 03:00:00","11396.0"
"2010-01-03 01:00:00","2010-01-03 02:00:00","2010-01-03 03:00:00","2010-01-03 04:00:00","11254.0"
"2010-01-03 02:00:00","2010-01-03 03:00:00","2010-01-03 04:00:00","2010-01-03 05:00:00","11203.0"
"2010-01-03 03:00:00","2010-01-03 04:00:00","2010-01-03 05:00:00","2010-01-03 06:00:00","11220.0"
"2010-01-03 04:00:00","2010-01-03 05:00:00","2010-01-03 06:00:00","2010-01-03 07:00:00","11287.0"
"2010-01-03 05:00:00","2010-01-03 06:00:00","2010-01-03 07:00:00","2010-01-03 08:00:00","11190.0"
"2010-01-03 06:00:00","2010-01-03 07:00:00","2010-01-03 08:00:00","2010-01-03 09:00:00","11400.0"
"2010-01-03 07:00:00","2010-01-03 08:00:00","2010-01-03 09:00:00","2010-01-03 10:00:00","11435.0"
"2010-01-03 08:00:00","2010-01-03 09:00:00","2010-01-03 10:00:00","2010-01-03 11:00:00","11571.0"
"2010-01-03 09:00:00","2010-01-03 10:00:00","2010-01-03 11:00:00","2010-01-03 12:00:00","11705.0"
"2010-01-03 10:00:00","2010-01-03 11:00:00","2010-01-03 12:00:00","2010-01-03 13:00:00","11687.0"
"2010-01-03 11:00:00","2010-01-03 12:00:00","2010-01-03 13:00:00","2010-01-03 14:00:00","11597.0"
"2010-01-03 12:00:00","2010-01-03 13:00:00","2010-01-03 14:00:00","2010-01-03 15:00:00","11548.0"
"2010-01-03 13:00:00","2010-01-03 14:00:00","2010-01-03 15:00:00","2010-01-03 16:00:00","11733.0"
"2010-01-03 14:00:00","2010-01-03 15:00:00","2010-01-03 16:00:00","2010-01-03 17:00:00","12156.0"
"2010-01-03 15:00:00","2010-01-03 16:00:00","2010-01-03 17:00:00","2010-01-03 18:00:00","12212.0"
"2010-01-03 16:00:00","2010-01-03 17:00:00","2010-01-03 18:00:00","2010-01-03 19:00:00","12170.0"
"2010-01-03 17:00:00","2010-01-03 18:00:00","2010-01-03 19:00:00","2010-01-03 20:00:00","12085.0"
"2010-01-03 18:00:00","2010-01-03 19:00:00","2010-01-03 20:00:00","2010-01-03 21:00:00","11879.0"
"2010-01-03 19:00:00","2010-01-03 20:00:00","2010-01-03 21:00:00","2010-01-03 22:00:00","11541.0"
"2010-01-03 20:00:00","2010-01-03 21:00:00","2010-01-03 22:00:00","2010-01-03 23:00:00","11940.0"
"2010-01-03 21:00:00","2010-01-03 22:00:00","2010-01-03 23:00:00","2010-01-04 00:00:00","11686.0"
"2010-01-03 22:00:00","2010-01-03 23:00:00","2010-01-04 00:00:00","2010-01-04 01:00:00","11149.0"
"2010-01-03 23:00:00","2010-01-04 00:00:00","2010-01-04 01:00:00","2010-01-04 02:00:00","10755.0"
"2010-01-04 00:00:00","2010-01-04 01:00:00","2010-01-04 02:00:00","2010-01-04 03:00:00","10564.0"
"2010-01-04 01:00:00","2010-01-04 02:00:00","2010-01-04 03:00:00","2010-01-04 04:00:00","10496.0"
"2010-01-04 02:00:00","2010-01-04 03:00:00","2010-01-04 04:00:00","2010-01-04 05:00:00","10557.0"
"2010-01-04 03:00:00","2010-01-04 04:00:00","2010-01-04 05:00:00","2010-01-04 06:00:00","10912.0"
"2010-01-04 04:00:00","2010-01-04 05:00:00","2010-01-04 06:00:00","2010-01-04 07:00:00","11696.0"
"2010-01-04 05:00:00","2010-01-04 06:00:00","2010-01-04 07:00:00","2010-01-04 08:00:00","12117.0"
"2010-01-04 06:00:00","2010-01-04 07:00:00","2010-01-04 08:00:00","2010-01-04 09:00:00","12440.0"
"2010-01-04 07:00:00","2010-01-04 08:00:00","2010-01-04 09:00:00","2010-01-04 10:00:00","12334.0"
"2010-01-04 08:00:00","2010-01-04 09:00:00","2010-01-04 10:00:00","2010-01-04 11:00:00","12232.0"
"2010-01-04 09:00:00","2010-01-04 10:00:00","2010-01-04 11:00:00","2010-01-04 12:00:00","12185.0"
"2010-01-04 10:00:00","2010-01-04 11:00:00","2010-01-04 12:00:00","2010-01-04 13:00:00","12082.0"
"2010-01-04 11:00:00","2010-01-04 12:00:00","2010-01-04 13:00:00","2010-01-04 14:00:00","12031.0"
"2010-01-04 12:00:00","2010-01-04 13:00:00","2010-01-04 14:00:00","2010-01-04 15:00:00","12068.0"
"2010-01-04 13:00:00","2010-01-04 14:00:00","2010-01-04 15:00:00","2010-01-04 16:00:00","12204.0"
"2010-01-04 14:00:00","2010-01-04 15:00:00","2010-01-04 16:00:00","2010-01-04 17:00:00","12417.0"
"2010-01-04 15:00:00","2010-01-04 16:00:00","2010-01-04 17:00:00","2010-01-04 18:00:00","12473.0"
"2010-01-04 16:00:00","2010-01-04 17:00:00","2010-01-04 18:00:00","2010-01-04 19:00:00","12455.0"
"2010-01-04 17:00:00","2010-01-04 18:00:00","2010-01-04 19:00:00","2010-01-04 20:00:00","12498.0"
"2010-01-04 18:00:00","2010-01-04 19:00:00","2010-01-04 20:00:00","2010-01-04 21:00:00","12399.0"
"2010-01-04 19:00:00","2010-01-04 20:00:00","2010-01-04 21:00:00","2010-01-04 22:00:00","12066.0"
"2010-01-04 20:00:00","2010-01-04 21:00:00","2010-01-04 22:00:00","2010-01-04 23:00:00","12448.0"
"2010-01-04 21:00:00","2010-01-04 22:00:00","2010-01-04 23:00:00","2010-01-05 00:00:00","11995.0"
"2010-01-04 22:00:00","2010-01-04 23:00:00","2010-01-05 00:00:00","2010-01-05 01:00:00","11457.0"
"2010-01-04 23:00:00","2010-01-05 00:00:00","2010-01-05 01:00:00","2010-01-05 02:00:00","11035.0"
"2010-01-05 00:00:00","2010-01-05 01:00:00","2010-01-05 02:00:00","2010-01-05 03:00:00","10793.0"
"2010-01-05 01:00:00","2010-01-05 02:00:00","2010-01-05 03:00:00","2010-01-05 04:00:00","10672.0"
"2010-01-05 02:00:00","2010-01-05 03:00:00","2010-01-05 04:00:00","2010-01-05 05:00:00","10740.0"
"2010-01-05 03:00:00","2010-01-05 04:00:00","2010-01-05 05:00:00","2010-01-05 06:00:00","11114.0"
"2010-01-05 04:00:00","2010-01-05 05:00:00","2010-01-05 06:00:00","2010-01-05 07:00:00","11929.0"
"2010-01-05 05:00:00","2010-01-05 06:00:00","2010-01-05 07:00:00","2010-01-05 08:00:00","12296.0"
"2010-01-05 06:00:00","2010-01-05 07:00:00","2010-01-05 08:00:00","2010-01-05 09:00:00","12715.0"
"2010-01-05 07:00:00","2010-01-05 08:00:00","2010-01-05 09:00:00","2010-01-05 10:00:00","12618.0"
"2010-01-05 08:00:00","2010-01-05 09:00:00","2010-01-05 10:00:00","2010-01-05 11:00:00","12600.0"
"2010-01-05 09:00:00","2010-01-05 10:00:00","2010-01-05 11:00:00","2010-01-05 12:00:00","12599.0"
"2010-01-05 10:00:00","2010-01-05 11:00:00","2010-01-05 12:00:00","2010-01-05 13:00:00","12618.0"
"2010-01-05 11:00:00","2010-01-05 12:00:00","2010-01-05 13:00:00","2010-01-05 14:00:00","12547.0"
"2010-01-05 12:00:00","2010-01-05 13:00:00","2010-01-05 14:00:00","2010-01-05 15:00:00","12682.0"
"2010-01-05 13:00:00","2010-01-05 14:00:00","2010-01-05 15:00:00","2010-01-05 16:00:00","12877.0"
"2010-01-05 14:00:00","2010-01-05 15:00:00","2010-01-05 16:00:00","2010-01-05 17:00:00","13176.0"
"2010-01-05 15:00:00","2010-01-05 16:00:00","2010-01-05 17:00:00","2010-01-05 18:00:00","13266.0"
"2010-01-05 16:00:00","2010-01-05 17:00:00","2010-01-05 18:00:00","2010-01-05 19:00:00","13315.0"
"2010-01-05 17:00:00","2010-01-05 18:00:00","2010-01-05 19:00:00","2010-01-05 20:00:00","13429.0"
"2010-01-05 18:00:00","2010-01-05 19:00:00","2010-01-05 20:00:00","2010-01-05 21:00:00","13299.0"
"2010-01-05 19:00:00","2010-01-05 20:00:00","2010-01-05 21:00:00","2010-01-05 22:00:00","12844.0"
"2010-01-05 20:00:00","2010-01-05 21:00:00","2010-01-05 22:00:00","2010-01-05 23:00:00","13237.0"
"2010-01-05 21:00:00","2010-01-05 22:00:00","2010-01-05 23:00:00","2010-01-06 00:00:00","12824.0"
"2010-01-05 22:00:00","2010-01-05 23:00:00","2010-01-06 00:00:00","2010-01-06 01:00:00","12243.0"
"2010-01-05 23:00:00","2010-01-06 00:00:00","2010-01-06 01:00:00","2010-01-06 02:00:00","11852.0"
"2010-01-06 00:00:00","2010-01-06 01:00:00","2010-01-06 02:00:00","2010-01-06 03:00:00","11595.0"
"2010-01-06 01:00:00","2010-01-06 02:00:00","2010-01-06 03:00:00","2010-01-06 04:00:00","11551.0"
"2010-01-06 02:00:00","2010-01-06 03:00:00","2010-01-06 04:00:00","2010-01-06 05:00:00","11567.0"
"2010-01-06 03:00:00","2010-01-06 04:00:00","2010-01-06 05:00:00","2010-01-06 06:00:00","11656.0"
"2010-01-06 04:00:00","2010-01-06 05:00:00","2010-01-06 06:00:00","2010-01-06 07:00:00","11782.0"
"2010-01-06 05:00:00","2010-01-06 06:00:00","2010-01-06 07:00:00","2010-01-06 08:00:00","11802.0"
"2010-01-06 06:00:00","2010-01-06 07:00:00","2010-01-06 08:00:00","2010-01-06 09:00:00","12034.0"
"2010-01-06 07:00:00","2010-01-06 08:00:00","2010-01-06 09:00:00","2010-01-06 10:00:00","12090.0"
"2010-01-06 08:00:00","2010-01-06 09:00:00","2010-01-06 10:00:00","2010-01-06 11:00:00","12251.0"
"2010-01-06 09:00:00","2010-01-06 10:00:00","2010-01-06 11:00:00","2010-01-06 12:00:00","12420.0"
"2010-01-06 10:00:00","2010-01-06 11:00:00","2010-01-06 12:00:00","2010-01-06 13:00:00","12401.0"
"2010-01-06 11:00:00","2010-01-06 12:00:00","2010-01-06 13:00:00","2010-01-06 14:00:00","12335.0"
"2010-01-06 12:00:00","2010-01-06 13:00:00","2010-01-06 14:00:00","2010-01-06 15:00:00","12348.0"
"2010-01-06 13:00:00","2010-01-06 14:00:00","2010-01-06 15:00:00","2010-01-06 16:00:00","12639.0"
"2010-01-06 14:00:00","2010-01-06 15:00:00","2010-01-06 16:00:00","2010-01-06 17:00:00","13153.0"
"2010-01-06 15:00:00","2010-01-06 16:00:00","2010-01-06 17:00:00","2010-01-06 18:00:00","13224.0"
"2010-01-06 16:00:00","2010-01-06 17:00:00","2010-01-06 18:00:00","2010-01-06 19:00:00","13276.0"
"2010-01-06 17:00:00","2010-01-06 18:00:00","2010-01-06 19:00:00","2010-01-06 20:00:00","13387.0"
"2010-01-06 18:00:00","2010-01-06 19:00:00","2010-01-06 20:00:00","2010-01-06 21:00:00","13254.0"
"2010-01-06 19:00:00","2010-01-06 20:00:00","2010-01-06 21:00:00","2010-01-06 22:00:00","12872.0"
"2010-01-06 20:00:00","2010-01-06 21:00:00","2010-01-06 22:00:00","2010-01-06 23:00:00","13232.0"
"2010-01-06 21:00:00","2010-01-06 22:00:00","2010-01-06 23:00:00","2010-01-07 00:00:00","12887.0"
"2010-01-06 22:00:00","2010-01-06 23:00:00","2010-01-07 00:00:00","2010-01-07 01:00:00","12529.0"
"2010-01-06 23:00:00","2010-01-07 00:00:00","2010-01-07 01:00:00","2010-01-07 02:00:00","12187.0"
"2010-01-07 00:00:00","2010-01-07 01:00:00","2010-01-07 02:00:00","2010-01-07 03:00:00","11930.0"
"2010-01-07 01:00:00","2010-01-07 02:00:00","2010-01-07 03:00:00","2010-01-07 04:00:00","11885.0"
"2010-01-07 02:00:00","2010-01-07 03:00:00","2010-01-07 04:00:00","2010-01-07 05:00:00","12029.0"
"2010-01-07 03:00:00","2010-01-07 04:00:00","2010-01-07 05:00:00","2010-01-07 06:00:00","12416.0"
"2010-01-07 04:00:00","2010-01-07 05:00:00","2010-01-07 06:00:00","2010-01-07 07:00:00","13326.0"
"2010-01-07 05:00:00","2010-01-07 06:00:00","2010-01-07 07:00:00","2010-01-07 08:00:00","13718.0"
"2010-01-07 06:00:00","2010-01-07 07:00:00","2010-01-07 08:00:00","2010-01-07 09:00:00","13970.0"
"2010-01-07 07:00:00","2010-01-07 08:00:00","2010-01-07 09:00:00","2010-01-07 10:00:00","13757.0"
"2010-01-07 08:00:00","2010-01-07 09:00:00","2010-01-07 10:00:00","2010-01-07 11:00:00","13695.0"
"2010-01-07 09:00:00","2010-01-07 10:00:00","2010-01-07 11:00:00","2010-01-07 12:00:00","13685.0"
"2010-01-07 10:00:00","2010-01-07 11:00:00","2010-01-07 12:00:00","2010-01-07 13:00:00","13582.0"
"2010-01-07 11:00:00","2010-01-07 12:00:00","2010-01-07 13:00:00","2010-01-07 14:00:00","13434.0"
"2010-01-07 12:00:00","2010-01-07 13:00:00","2010-01-07 14:00:00","2010-01-07 15:00:00","13243.0"
"2010-01-07 13:00:00","2010-01-07 14:00:00","2010-01-07 15:00:00","2010-01-07 16:00:00","13391.0"
"2010-01-07 14:00:00","2010-01-07 15:00:00","2010-01-07 16:00:00","2010-01-07 17:00:00","13681.0"
"2010-01-07 15:00:00","2010-01-07 16:00:00","2010-01-07 17:00:00","2010-01-07 18:00:00","13598.0"
"2010-01-07 16:00:00","2010-01-07 17:00:00","2010-01-07 18:00:00","2010-01-07 19:00:00","13494.0"
"2010-01-07 17:00:00","2010-01-07 18:00:00","2010-01-07 19:00:00","2010-01-07 20:00:00","13531.0"
"2010-01-07 18:00:00","2010-01-07 19:00:00","2010-01-07 20:00:00","2010-01-07 21:00:00","13417.0"
"2010-01-07 19:00:00","2010-01-07 20:00:00","2010-01-07 21:00:00","2010-01-07 22:00:00","13034.0"
"2010-01-07 20:00:00","2010-01-07 21:00:00","2010-01-07 22:00:00","2010-01-07 23:00:00","13360.0"
"2010-01-07 21:00:00","2010-01-07 22:00:00","2010-01-07 23:00:00","2010-01-08 00:00:00","13004.0"
"2010-01-07 22:00:00","2010-01-07 23:00:00","2010-01-08 00:00:00","2010-01-08 01:00:00","12475.0"
"2010-01-07 23:00:00","2010-01-08 00:00:00","2010-01-08 01:00:00","2010-01-08 02:00:00","12253.0"
"2010-01-08 00:00:00","2010-01-08 01:00:00","2010-01-08 02:00:00","2010-01-08 03:00:00","11974.0"
"2010-01-08 01:00:00","2010-01-08 02:00:00","2010-01-08 03:00:00","2010-01-08 04:00:00","11995.0"
"2010-01-08 02:00:00","2010-01-08 03:00:00","2010-01-08 04:00:00","2010-01-08 05:00:00","12115.0"
"2010-01-08 03:00:00","2010-01-08 04:00:00","2010-01-08 05:00:00","2010-01-08 06:00:00","12497.0"
"2010-01-08 04:00:00","2010-01-08 05:00:00","2010-01-08 06:00:00","2010-01-08 07:00:00","13408.0"
"2010-01-08 05:00:00","2010-01-08 06:00:00","2010-01-08 07:00:00","2010-01-08 08:00:00","13531.0"
"2010-01-08 06:00:00","2010-01-08 07:00:00","2010-01-08 08:00:00","2010-01-08 09:00:00","13557.0"
"2010-01-08 07:00:00","2010-01-08 08:00:00","2010-01-08 09:00:00","2010-01-08 10:00:00","13459.0"
"2010-01-08 08:00:00","2010-01-08 09:00:00","2010-01-08 10:00:00","2010-01-08 11:00:00","13361.0"
"2010-01-08 09:00:00","2010-01-08 10:00:00","2010-01-08 11:00:00","2010-01-08 12:00:00","13552.0"
"2010-01-08 10:00:00","2010-01-08 11:00:00","2010-01-08 12:00:00","2010-01-08 13:00:00","13596.0"
"2010-01-08 11:00:00","2010-01-08 12:00:00","2010-01-08 13:00:00","2010-01-08 14:00:00","13572.0"
"2010-01-08 12:00:00","2010-01-08 13:00:00","2010-01-08 14:00:00","2010-01-08 15:00:00","13431.0"
"2010-01-08 13:00:00","2010-01-08 14:00:00","2010-01-08 15:00:00","2010-01-08 16:00:00","13602.0"
"2010-01-08 14:00:00","2010-01-08 15:00:00","2010-01-08 16:00:00","2010-01-08 17:00:00","14063.0"
"2010-01-08 15:00:00","2010-01-08 16:00:00","2010-01-08 17:00:00","2010-01-08 18:00:00","14063.0"
"2010-01-08 16:00:00","2010-01-08 17:00:00","2010-01-08 18:00:00","2010-01-08 19:00:00","13958.0"
"2010-01-08 17:00:00","2010-01-08 18:00:00","2010-01-08 19:00:00","2010-01-08 20:00:00","13975.0"
"2010-01-08 18:00:00","2010-01-08 19:00:00","2010-01-08 20:00:00","2010-01-08 21:00:00","13976.0"
"2010-01-08 19:00:00","2010-01-08 20:00:00","2010-01-08 21:00:00","2010-01-08 22:00:00","13522.0"
"2010-01-08 20:00:00","2010-01-08 21:00:00","2010-01-08 22:00:00","2010-01-08 23:00:00","13943.0"
"2010-01-08 21:00:00","2010-01-08 22:00:00","2010-01-08 23:00:00","2010-01-09 00:00:00","13522.0"
"2010-01-08 22:00:00","2010-01-08 23:00:00","2010-01-09 00:00:00","2010-01-09 01:00:00","12992.0"
"2010-01-08 23:00:00","2010-01-09 00:00:00","2010-01-09 01:00:00","2010-01-09 02:00:00","12603.0"
"2010-01-09 00:00:00","2010-01-09 01:00:00","2010-01-09 02:00:00","2010-01-09 03:00:00","12373.0"
"2010-01-09 01:00:00","2010-01-09 02:00:00","2010-01-09 03:00:00","2010-01-09 04:00:00","12243.0"
"2010-01-09 02:00:00","2010-01-09 03:00:00","2010-01-09 04:00:00","2010-01-09 05:00:00","12253.0"
"2010-01-09 03:00:00","2010-01-09 04:00:00","2010-01-09 05:00:00","2010-01-09 06:00:00","12365.0"
"2010-01-09 04:00:00","2010-01-09 05:00:00","2010-01-09 06:00:00","2010-01-09 07:00:00","12544.0"
"2010-01-09 05:00:00","2010-01-09 06:00:00","2010-01-09 07:00:00","2010-01-09 08:00:00","12470.0"
"2010-01-09 06:00:00","2010-01-09 07:00:00","2010-01-09 08:00:00","2010-01-09 09:00:00","12833.0"
"2010-01-09 07:00:00","2010-01-09 08:00:00","2010-01-09 09:00:00","2010-01-09 10:00:00","12921.0"
"2010-01-09 08:00:00","2010-01-09 09:00:00","2010-01-09 10:00:00","2010-01-09 11:00:00","12995.0"
"2010-01-09 09:00:00","2010-01-09 10:00:00","2010-01-09 11:00:00","2010-01-09 12:00:00","13020.0"
"2010-01-09 10:00:00","2010-01-09 11:00:00","2010-01-09 12:00:00","2010-01-09 13:00:00","12976.0"
"2010-01-09 11:00:00","2010-01-09 12:00:00","2010-01-09 13:00:00","2010-01-09 14:00:00","12913.0"
"2010-01-09 12:00:00","2010-01-09 13:00:00","2010-01-09 14:00:00","2010-01-09 15:00:00","12856.0"
"2010-01-09 13:00:00","2010-01-09 14:00:00","2010-01-09 15:00:00","2010-01-09 16:00:00","13053.0"
"2010-01-09 14:00:00","2010-01-09 15:00:00","2010-01-09 16:00:00","2010-01-09 17:00:00","13695.0"
"2010-01-09 15:00:00","2010-01-09 16:00:00","2010-01-09 17:00:00","2010-01-09 18:00:00","13932.0"
"2010-01-09 16:00:00","2010-01-09 17:00:00","2010-01-09 18:00:00","2010-01-09 19:00:00","14031.0"
"2010-01-09 17:00:00","2010-01-09 18:00:00","2010-01-09 19:00:00","2010-01-09 20:00:00","13873.0"
"2010-01-09 18:00:00","2010-01-09 19:00:00","2010-01-09 20:00:00","2010-01-09 21:00:00","13495.0"
"2010-01-09 19:00:00","2010-01-09 20:00:00","2010-01-09 21:00:00","2010-01-09 22:00:00","13046.0"
"2010-01-09 20:00:00","2010-01-09 21:00:00","2010-01-09 22:00:00","2010-01-09 23:00:00","13496.0"
"2010-01-09 21:00:00","2010-01-09 22:00:00","2010-01-09 23:00:00","2010-01-10 00:00:00","13103.0"
"2010-01-09 22:00:00","2010-01-09 23:00:00","2010-01-10 00:00:00","2010-01-10 01:00:00","12582.0"
"2010-01-09 23:00:00","2010-01-10 00:00:00","2010-01-10 01:00:00","2010-01-10 02:00:00","12202.0"
"2010-01-10 00:00:00","2010-01-10 01:00:00","2010-01-10 02:00:00","2010-01-10 03:00:00","11904.0"
"2010-01-10 01:00:00","2010-01-10 02:00:00","2010-01-10 03:00:00","2010-01-10 04:00:00","11768.0"
"2010-01-10 02:00:00","2010-01-10 03:00:00","2010-01-10 04:00:00","2010-01-10 05:00:00","11735.0"
"2010-01-10 03:00:00","2010-01-10 04:00:00","2010-01-10 05:00:00","2010-01-10 06:00:00","11733.0"
"2010-01-10 04:00:00","2010-01-10 05:00:00","2010-01-10 06:00:00","2010-01-10 07:00:00","11861.0"
"2010-01-10 05:00:00","2010-01-10 06:00:00","2010-01-10 07:00:00","2010-01-10 08:00:00","11715.0"
"2010-01-10 06:00:00","2010-01-10 07:00:00","2010-01-10 08:00:00","2010-01-10 09:00:00","11949.0"
"2010-01-10 07:00:00","2010-01-10 08:00:00","2010-01-10 09:00:00","2010-01-10 10:00:00","11910.0"
"2010-01-10 08:00:00","2010-01-10 09:00:00","2010-01-10 10:00:00","2010-01-10 11:00:00","12087.0"
"2010-01-10 09:00:00","2010-01-10 10:00:00","2010-01-10 11:00:00","2010-01-10 12:00:00","12188.0"
"2010-01-10 10:00:00","2010-01-10 11:00:00","2010-01-10 12:00:00","2010-01-10 13:00:00","12203.0"
"2010-01-10 11:00:00","2010-01-10 12:00:00","2010-01-10 13:00:00","2010-01-10 14:00:00","12084.0"
"2010-01-10 12:00:00","2010-01-10 13:00:00","2010-01-10 14:00:00","2010-01-10 15:00:00","12028.0"
"2010-01-10 13:00:00","2010-01-10 14:00:00","2010-01-10 15:00:00","2010-01-10 16:00:00","12100.0"
"2010-01-10 14:00:00","2010-01-10 15:00:00","2010-01-10 16:00:00","2010-01-10 17:00:00","12630.0"
"2010-01-10 15:00:00","2010-01-10 16:00:00","2010-01-10 17:00:00","2010-01-10 18:00:00","12763.0"
"2010-01-10 16:00:00","2010-01-10 17:00:00","2010-01-10 18:00:00","2010-01-10 19:00:00","12751.0"
"2010-01-10 17:00:00","2010-01-10 18:00:00","2010-01-10 19:00:00","2010-01-10 20:00:00","12663.0"
"2010-01-10 18:00:00","2010-01-10 19:00:00","2010-01-10 20:00:00","2010-01-10 21:00:00","12445.0"
"2010-01-10 19:00:00","2010-01-10 20:00:00","2010-01-10 21:00:00","2010-01-10 22:00:00","12102.0"
"2010-01-10 20:00:00","2010-01-10 21:00:00","2010-01-10 22:00:00","2010-01-10 23:00:00","12341.0"
"2010-01-10 21:00:00","2010-01-10 22:00:00","2010-01-10 23:00:00","2010-01-11 00:00:00","11915.0"
"2010-01-10 22:00:00","2010-01-10 23:00:00","2010-01-11 00:00:00","2010-01-11 01:00:00","11469.0"
"2010-01-10 23:00:00","2010-01-11 00:00:00","2010-01-11 01:00:00","2010-01-11 02:00:00","11122.0"
"2010-01-11 00:00:00","2010-01-11 01:00:00","2010-01-11 02:00:00","2010-01-11 03:00:00","10885.0"
"2010-01-11 01:00:00","2010-01-11 02:00:00","2010-01-11 03:00:00","2010-01-11 04:00:00","10791.0"
"2010-01-11 02:00:00","2010-01-11 03:00:00","2010-01-11 04:00:00","2010-01-11 05:00:00","10850.0"
"2010-01-11 03:00:00","2010-01-11 04:00:00","2010-01-11 05:00:00","2010-01-11 06:00:00","11250.0"
"2010-01-11 04:00:00","2010-01-11 05:00:00","2010-01-11 06:00:00","2010-01-11 07:00:00","12169.0"
"2010-01-11 05:00:00","2010-01-11 06:00:00","2010-01-11 07:00:00","2010-01-11 08:00:00","12636.0"
"2010-01-11 06:00:00","2010-01-11 07:00:00","2010-01-11 08:00:00","2010-01-11 09:00:00","12857.0"
"2010-01-11 07:00:00","2010-01-11 08:00:00","2010-01-11 09:00:00","2010-01-11 10:00:00","12631.0"
"2010-01-11 08:00:00","2010-01-11 09:00:00","2010-01-11 10:00:00","2010-01-11 11:00:00","12576.0"
"2010-01-11 09:00:00","2010-01-11 10:00:00","2010-01-11 11:00:00","2010-01-11 12:00:00","12552.0"
"2010-01-11 10:00:00","2010-01-11 11:00:00","2010-01-11 12:00:00","2010-01-11 13:00:00","12520.0"
"2010-01-11 11:00:00","2010-01-11 12:00:00","2010-01-11 13:00:00","2010-01-11 14:00:00","12402.0"
"2010-01-11 12:00:00","2010-01-11 13:00:00","2010-01-11 14:00:00","2010-01-11 15:00:00","12336.0"
"2010-01-11 13:00:00","2010-01-11 14:00:00","2010-01-11 15:00:00","2010-01-11 16:00:00","12362.0"
"2010-01-11 14:00:00","2010-01-11 15:00:00","2010-01-11 16:00:00","2010-01-11 17:00:00","12638.0"
"2010-01-11 15:00:00","2010-01-11 16:00:00","2010-01-11 17:00:00","2010-01-11 18:00:00","12659.0"
"2010-01-11 16:00:00","2010-01-11 17:00:00","2010-01-11 18:00:00","2010-01-11 19:00:00","12504.0"
"2010-01-11 17:00:00","2010-01-11 18:00:00","2010-01-11 19:00:00","2010-01-11 20:00:00","12484.0"
"2010-01-11 18:00:00","2010-01-11 19:00:00","2010-01-11 20:00:00","2010-01-11 21:00:00","12403.0"
"2010-01-11 19:00:00","2010-01-11 20:00:00","2010-01-11 21:00:00","2010-01-11 22:00:00","11996.0"
"2010-01-11 20:00:00","2010-01-11 21:00:00","2010-01-11 22:00:00","2010-01-11 23:00:00","12333.0"
"2010-01-11 21:00:00","2010-01-11 22:00:00","2010-01-11 23:00:00","2010-01-12 00:00:00","11904.0"
"2010-01-11 22:00:00","2010-01-11 23:00:00","2010-01-12 00:00:00","2010-01-12 01:00:00","11323.0"
"2010-01-11 23:00:00","2010-01-12 00:00:00","2010-01-12 01:00:00","2010-01-12 02:00:00","10998.0"
"2010-01-12 00:00:00","2010-01-12 01:00:00","2010-01-12 02:00:00","2010-01-12 03:00:00","10747.0"
"2010-01-12 01:00:00","2010-01-12 02:00:00","2010-01-12 03:00:00","2010-01-12 04:00:00","10629.0"
"2010-01-12 02:00:00","2010-01-12 03:00:00","2010-01-12 04:00:00","2010-01-12 05:00:00","10640.0"
"2010-01-12 03:00:00","2010-01-12 04:00:00","2010-01-12 05:00:00","2010-01-12 06:00:00","11013.0"
"2010-01-12 04:00:00","2010-01-12 05:00:00","2010-01-12 06:00:00","2010-01-12 07:00:00","11970.0"
"2010-01-12 05:00:00","2010-01-12 06:00:00","2010-01-12 07:00:00","2010-01-12 08:00:00","12419.0"
"2010-01-12 06:00:00","2010-01-12 07:00:00","2010-01-12 08:00:00","2010-01-12 09:00:00","12584.0"
"2010-01-12 07:00:00","2010-01-12 08:00:00","2010-01-12 09:00:00","2010-01-12 10:00:00","12271.0"
"2010-01-12 08:00:00","2010-01-12 09:00:00","2010-01-12 10:00:00","2010-01-12 11:00:00","12105.0"
"2010-01-12 09:00:00","2010-01-12 10:00:00","2010-01-12 11:00:00","2010-01-12 12:00:00","12047.0"
"2010-01-12 10:00:00","2010-01-12 11:00:00","2010-01-12 12:00:00","2010-01-12 13:00:00","12053.0"
"2010-01-12 11:00:00","2010-01-12 12:00:00","2010-01-12 13:00:00","2010-01-12 14:00:00","11981.0"
"2010-01-12 12:00:00","2010-01-12 13:00:00","2010-01-12 14:00:00","2010-01-12 15:00:00","12006.0"
"2010-01-12 13:00:00","2010-01-12 14:00:00","2010-01-12 15:00:00","2010-01-12 16:00:00","12017.0"
"2010-01-12 14:00:00","2010-01-12 15:00:00","2010-01-12 16:00:00","2010-01-12 17:00:00","12352.0"
"2010-01-12 15:00:00","2010-01-12 16:00:00","2010-01-12 17:00:00","2010-01-12 18:00:00","12408.0"
"2010-01-12 16:00:00","2010-01-12 17:00:00","2010-01-12 18:00:00","2010-01-12 19:00:00","12347.0"
"2010-01-12 17:00:00","2010-01-12 18:00:00","2010-01-12 19:00:00","2010-01-12 20:00:00","12322.0"
"2010-01-12 18:00:00","2010-01-12 19:00:00","2010-01-12 20:00:00","2010-01-12 21:00:00","12097.0"
"2010-01-12 19:00:00","2010-01-12 20:00:00","2010-01-12 21:00:00","2010-01-12 22:00:00","11665.0"
"2010-01-12 20:00:00","2010-01-12 21:00:00","2010-01-12 22:00:00","2010-01-12 23:00:00","11935.0"
"2010-01-12 21:00:00","2010-01-12 22:00:00","2010-01-12 23:00:00","2010-01-13 00:00:00","11480.0"
"2010-01-12 22:00:00","2010-01-12 23:00:00","2010-01-13 00:00:00","2010-01-13 01:00:00","10919.0"
"2010-01-12 23:00:00","2010-01-13 00:00:00","2010-01-13 01:00:00","2010-01-13 02:00:00","10512.0"
"2010-01-13 00:00:00","2010-01-13 01:00:00","2010-01-13 02:00:00","2010-01-13 03:00:00","10339.0"
"2010-01-13 01:00:00","2010-01-13 02:00:00","2010-01-13 03:00:00","2010-01-13 04:00:00","10217.0"
"2010-01-13 02:00:00","2010-01-13 03:00:00","2010-01-13 04:00:00","2010-01-13 05:00:00","10227.0"
"2010-01-13 03:00:00","2010-01-13 04:00:00","2010-01-13 05:00:00","2010-01-13 06:00:00","10576.0"
"2010-01-13 04:00:00","2010-01-13 05:00:00","2010-01-13 06:00:00","2010-01-13 07:00:00","11505.0"
"2010-01-13 05:00:00","2010-01-13 06:00:00","2010-01-13 07:00:00","2010-01-13 08:00:00","12045.0"
"2010-01-13 06:00:00","2010-01-13 07:00:00","2010-01-13 08:00:00","2010-01-13 09:00:00","12349.0"
"2010-01-13 07:00:00","2010-01-13 08:00:00","2010-01-13 09:00:00","2010-01-13 10:00:00","12165.0"
"2010-01-13 08:00:00","2010-01-13 09:00:00","2010-01-13 10:00:00","2010-01-13 11:00:00","12085.0"
"2010-01-13 09:00:00","2010-01-13 10:00:00","2010-01-13 11:00:00","2010-01-13 12:00:00","12124.0"
"2010-01-13 10:00:00","2010-01-13 11:00:00","2010-01-13 12:00:00","2010-01-13 13:00:00","12160.0"
"2010-01-13 11:00:00","2010-01-13 12:00:00","2010-01-13 13:00:00","2010-01-13 14:00:00","11982.0"
"2010-01-13 12:00:00","2010-01-13 13:00:00","2010-01-13 14:00:00","2010-01-13 15:00:00","11950.0"
"2010-01-13 13:00:00","2010-01-13 14:00:00","2010-01-13 15:00:00","2010-01-13 16:00:00","12041.0"
"2010-01-13 14:00:00","2010-01-13 15:00:00","2010-01-13 16:00:00","2010-01-13 17:00:00","12427.0"
"2010-01-13 15:00:00","2010-01-13 16:00:00","2010-01-13 17:00:00","2010-01-13 18:00:00","12572.0"
"2010-01-13 16:00:00","2010-01-13 17:00:00","2010-01-13 18:00:00","2010-01-13 19:00:00","12485.0"
"2010-01-13 17:00:00","2010-01-13 18:00:00","2010-01-13 19:00:00","2010-01-13 20:00:00","12506.0"
"2010-01-13 18:00:00","2010-01-13 19:00:00","2010-01-13 20:00:00","2010-01-13 21:00:00","12402.0"
"2010-01-13 19:00:00","2010-01-13 20:00:00","2010-01-13 21:00:00","2010-01-13 22:00:00","11861.0"
"2010-01-13 20:00:00","2010-01-13 21:00:00","2010-01-13 22:00:00","2010-01-13 23:00:00","12179.0"
"2010-01-13 21:00:00","2010-01-13 22:00:00","2010-01-13 23:00:00","2010-01-14 00:00:00","11672.0"
"2010-01-13 22:00:00","2010-01-13 23:00:00","2010-01-14 00:00:00","2010-01-14 01:00:00","11202.0"
"2010-01-13 23:00:00","2010-01-14 00:00:00","2010-01-14 01:00:00","2010-01-14 02:00:00","10883.0"
"2010-01-14 00:00:00","2010-01-14 01:00:00","2010-01-14 02:00:00","2010-01-14 03:00:00","10651.0"
"2010-01-14 01:00:00","2010-01-14 02:00:00","2010-01-14 03:00:00","2010-01-14 04:00:00","10607.0"
"2010-01-14 02:00:00","2010-01-14 03:00:00","2010-01-14 04:00:00","2010-01-14 05:00:00","10646.0"
"2010-01-14 03:00:00","2010-01-14 04:00:00","2010-01-14 05:00:00","2010-01-14 06:00:00","10991.0"
"2010-01-14 04:00:00","2010-01-14 05:00:00","2010-01-14 06:00:00","2010-01-14 07:00:00","11927.0"
"2010-01-14 05:00:00","2010-01-14 06:00:00","2010-01-14 07:00:00","2010-01-14 08:00:00","12600.0"
"2010-01-14 06:00:00","2010-01-14 07:00:00","2010-01-14 08:00:00","2010-01-14 09:00:00","12848.0"
"2010-01-14 07:00:00","2010-01-14 08:00:00","2010-01-14 09:00:00","2010-01-14 10:00:00","12669.0"
"2010-01-14 08:00:00","2010-01-14 09:00:00","2010-01-14 10:00:00","2010-01-14 11:00:00","12475.0"
"2010-01-14 09:00:00","2010-01-14 10:00:00","2010-01-14 11:00:00","2010-01-14 12:00:00","12438.0"
"2010-01-14 10:00:00","2010-01-14 11:00:00","2010-01-14 12:00:00","2010-01-14 13:00:00","12493.0"
"2010-01-14 11:00:00","2010-01-14 12:00:00","2010-01-14 13:00:00","2010-01-14 14:00:00","12393.0"
"2010-01-14 12:00:00","2010-01-14 13:00:00","2010-01-14 14:00:00","2010-01-14 15:00:00","12303.0"
"2010-01-14 13:00:00","2010-01-14 14:00:00","2010-01-14 15:00:00","2010-01-14 16:00:00","12386.0"
"2010-01-14 14:00:00","2010-01-14 15:00:00","2010-01-14 16:00:00","2010-01-14 17:00:00","12737.0"
"2010-01-14 15:00:00","2010-01-14 16:00:00","2010-01-14 17:00:00","2010-01-14 18:00:00","12665.0"
"2010-01-14 16:00:00","2010-01-14 17:00:00","2010-01-14 18:00:00","2010-01-14 19:00:00","12373.0"
"2010-01-14 17:00:00","2010-01-14 18:00:00","2010-01-14 19:00:00","2010-01-14 20:00:00","12350.0"
"2010-01-14 18:00:00","2010-01-14 19:00:00","2010-01-14 20:00:00","2010-01-14 21:00:00","12296.0"
"2010-01-14 19:00:00","2010-01-14 20:00:00","2010-01-14 21:00:00","2010-01-14 22:00:00","11919.0"
"2010-01-14 20:00:00","2010-01-14 21:00:00","2010-01-14 22:00:00","2010-01-14 23:00:00","12136.0"
"2010-01-14 21:00:00","2010-01-14 22:00:00","2010-01-14 23:00:00","2010-01-15 00:00:00","11652.0"
"2010-01-14 22:00:00","2010-01-14 23:00:00","2010-01-15 00:00:00","2010-01-15 01:00:00","11089.0"
"2010-01-14 23:00:00","2010-01-15 00:00:00","2010-01-15 01:00:00","2010-01-15 02:00:00","10689.0"
"2010-01-15 00:00:00","2010-01-15 01:00:00","2010-01-15 02:00:00","2010-01-15 03:00:00","10385.0"
"2010-01-15 01:00:00","2010-01-15 02:00:00","2010-01-15 03:00:00","2010-01-15 04:00:00","10301.0"
"2010-01-15 02:00:00","2010-01-15 03:00:00","2010-01-15 04:00:00","2010-01-15 05:00:00","10373.0"
"2010-01-15 03:00:00","2010-01-15 04:00:00","2010-01-15 05:00:00","2010-01-15 06:00:00","10777.0"
"2010-01-15 04:00:00","2010-01-15 05:00:00","2010-01-15 06:00:00","2010-01-15 07:00:00","11770.0"
"2010-01-15 05:00:00","2010-01-15 06:00:00","2010-01-15 07:00:00","2010-01-15 08:00:00","12245.0"
"2010-01-15 06:00:00","2010-01-15 07:00:00","2010-01-15 08:00:00","2010-01-15 09:00:00","12417.0"
"2010-01-15 07:00:00","2010-01-15 08:00:00","2010-01-15 09:00:00","2010-01-15 10:00:00","12241.0"
"2010-01-15 08:00:00","2010-01-15 09:00:00","2010-01-15 10:00:00","2010-01-15 11:00:00","12121.0"
"2010-01-15 09:00:00","2010-01-15 10:00:00","2010-01-15 11:00:00","2010-01-15 12:00:00","12106.0"
"2010-01-15 10:00:00","2010-01-15 11:00:00","2010-01-15 12:00:00","2010-01-15 13:00:00","12104.0"
"2010-01-15 11:00:00","2010-01-15 12:00:00","2010-01-15 13:00:00","2010-01-15 14:00:00","12000.0"
"2010-01-15 12:00:00","2010-01-15 13:00:00","2010-01-15 14:00:00","2010-01-15 15:00:00","11915.0"
"2010-01-15 13:00:00","2010-01-15 14:00:00","2010-01-15 15:00:00","2010-01-15 16:00:00","12030.0"
"2010-01-15 14:00:00","2010-01-15 15:00:00","2010-01-15 16:00:00","2010-01-15 17:00:00","12421.0"
"2010-01-15 15:00:00","2010-01-15 16:00:00","2010-01-15 17:00:00","2010-01-15 18:00:00","12462.0"
"2010-01-15 16:00:00","2010-01-15 17:00:00","2010-01-15 18:00:00","2010-01-15 19:00:00","12340.0"
"2010-01-15 17:00:00","2010-01-15 18:00:00","2010-01-15 19:00:00","2010-01-15 20:00:00","12388.0"
"2010-01-15 18:00:00","2010-01-15 19:00:00","2010-01-15 20:00:00","2010-01-15 21:00:00","12176.0"
"2010-01-15 19:00:00","2010-01-15 20:00:00","2010-01-15 21:00:00","2010-01-15 22:00:00","11672.0"
"2010-01-15 20:00:00","2010-01-15 21:00:00","2010-01-15 22:00:00","2010-01-15 23:00:00","11917.0"
"2010-01-15 21:00:00","2010-01-15 22:00:00","2010-01-15 23:00:00","2010-01-16 00:00:00","11376.0"
"2010-01-15 22:00:00","2010-01-15 23:00:00","2010-01-16 00:00:00","2010-01-16 01:00:00","10801.0"
"2010-01-15 23:00:00","2010-01-16 00:00:00","2010-01-16 01:00:00","2010-01-16 02:00:00","10386.0"
"2010-01-16 00:00:00","2010-01-16 01:00:00","2010-01-16 02:00:00","2010-01-16 03:00:00","10130.0"
"2010-01-16 01:00:00","2010-01-16 02:00:00","2010-01-16 03:00:00","2010-01-16 04:00:00","9930.0"
"2010-01-16 02:00:00","2010-01-16 03:00:00","2010-01-16 04:00:00","2010-01-16 05:00:00","9879.0"
"2010-01-16 03:00:00","2010-01-16 04:00:00","2010-01-16 05:00:00","2010-01-16 06:00:00","9989.0"
"2010-01-16 04:00:00","2010-01-16 05:00:00","2010-01-16 06:00:00","2010-01-16 07:00:00","10172.0"
"2010-01-16 05:00:00","2010-01-16 06:00:00","2010-01-16 07:00:00","2010-01-16 08:00:00","10271.0"
"2010-01-16 06:00:00","2010-01-16 07:00:00","2010-01-16 08:00:00","2010-01-16 09:00:00","10679.0"
"2010-01-16 07:00:00","2010-01-16 08:00:00","2010-01-16 09:00:00","2010-01-16 10:00:00","10749.0"
"2010-01-16 08:00:00","2010-01-16 09:00:00","2010-01-16 10:00:00","2010-01-16 11:00:00","10806.0"
"2010-01-16 09:00:00","2010-01-16 10:00:00","2010-01-16 11:00:00","2010-01-16 12:00:00","10842.0"
"2010-01-16 10:00:00","2010-01-16 11:00:00","2010-01-16 12:00:00","2010-01-16 13:00:00","10837.0"
"2010-01-16 11:00:00","2010-01-16 12:00:00","2010-01-16 13:00:00","2010-01-16 14:00:00","10811.0"
"2010-01-16 12:00:00","2010-01-16 13:00:00","2010-01-16 14:00:00","2010-01-16 15:00:00","10752.0"
"2010-01-16 13:00:00","2010-01-16 14:00:00","2010-01-16 15:00:00","2010-01-16 16:00:00","10956.0"
"2010-01-16 14:00:00","2010-01-16 15:00:00","2010-01-16 16:00:00","2010-01-16 17:00:00","11551.0"
"2010-01-16 15:00:00","2010-01-16 16:00:00","2010-01-16 17:00:00","2010-01-16 18:00:00","11855.0"
"2010-01-16 16:00:00","2010-01-16 17:00:00","2010-01-16 18:00:00","2010-01-16 19:00:00","11904.0"
"2010-01-16 17:00:00","2010-01-16 18:00:00","2010-01-16 19:00:00","2010-01-16 20:00:00","11782.0"
"2010-01-16 18:00:00","2010-01-16 19:00:00","2010-01-16 20:00:00","2010-01-16 21:00:00","11401.0"
"2010-01-16 19:00:00","2010-01-16 20:00:00","2010-01-16 21:00:00","2010-01-16 22:00:00","11005.0"
"2010-01-16 20:00:00","2010-01-16 21:00:00","2010-01-16 22:00:00","2010-01-16 23:00:00","11461.0"
"2010-01-16 21:00:00","2010-01-16 22:00:00","2010-01-16 23:00:00","2010-01-17 00:00:00","11060.0"
"2010-01-16 22:00:00","2010-01-16 23:00:00","2010-01-17 00:00:00","2010-01-17 01:00:00","10642.0"
"2010-01-16 23:00:00","2010-01-17 00:00:00","2010-01-17 01:00:00","2010-01-17 02:00:00","10248.0"
"2010-01-17 00:00:00","2010-01-17 01:00:00","2010-01-17 02:00:00","2010-01-17 03:00:00","9920.0"
"2010-01-17 01:00:00","2010-01-17 02:00:00","2010-01-17 03:00:00","2010-01-17 04:00:00","9792.0"
"2010-01-17 02:00:00","2010-01-17 03:00:00","2010-01-17 04:00:00","2010-01-17 05:00:00","9753.0"
"2010-01-17 03:00:00","2010-01-17 04:00:00","2010-01-17 05:00:00","2010-01-17 06:00:00","9808.0"
"2010-01-17 04:00:00","2010-01-17 05:00:00","2010-01-17 06:00:00","2010-01-17 07:00:00","9944.0"
"2010-01-17 05:00:00","2010-01-17 06:00:00","2010-01-17 07:00:00","2010-01-17 08:00:00","9938.0"
"2010-01-17 06:00:00","2010-01-17 07:00:00","2010-01-17 08:00:00","2010-01-17 09:00:00","10130.0"
"2010-01-17 07:00:00","2010-01-17 08:00:00","2010-01-17 09:00:00","2010-01-17 10:00:00","10112.0"
"2010-01-17 08:00:00","2010-01-17 09:00:00","2010-01-17 10:00:00","2010-01-17 11:00:00","10284.0"
"2010-01-17 09:00:00","2010-01-17 10:00:00","2010-01-17 11:00:00","2010-01-17 12:00:00","10505.0"
"2010-01-17 10:00:00","2010-01-17 11:00:00","2010-01-17 12:00:00","2010-01-17 13:00:00","10626.0"
"2010-01-17 11:00:00","2010-01-17 12:00:00","2010-01-17 13:00:00","2010-01-17 14:00:00","10603.0"
"2010-01-17 12:00:00","2010-01-17 13:00:00","2010-01-17 14:00:00","2010-01-17 15:00:00","10536.0"
"2010-01-17 13:00:00","2010-01-17 14:00:00","2010-01-17 15:00:00","2010-01-17 16:00:00","10634.0"
"2010-01-17 14:00:00","2010-01-17 15:00:00","2010-01-17 16:00:00","2010-01-17 17:00:00","11182.0"
"2010-01-17 15:00:00","2010-01-17 16:00:00","2010-01-17 17:00:00","2010-01-17 18:00:00","11427.0"
"2010-01-17 16:00:00","2010-01-17 17:00:00","2010-01-17 18:00:00","2010-01-17 19:00:00","11435.0"
"2010-01-17 17:00:00","2010-01-17 18:00:00","2010-01-17 19:00:00","2010-01-17 20:00:00","11491.0"
"2010-01-17 18:00:00","2010-01-17 19:00:00","2010-01-17 20:00:00","2010-01-17 21:00:00","11328.0"
"2010-01-17 19:00:00","2010-01-17 20:00:00","2010-01-17 21:00:00","2010-01-17 22:00:00","11000.0"
"2010-01-17 20:00:00","2010-01-17 21:00:00","2010-01-17 22:00:00","2010-01-17 23:00:00","11559.0"
"2010-01-17 21:00:00","2010-01-17 22:00:00","2010-01-17 23:00:00","2010-01-18 00:00:00","11247.0"
"2010-01-17 22:00:00","2010-01-17 23:00:00","2010-01-18 00:00:00","2010-01-18 01:00:00","10771.0"
"2010-01-17 23:00:00","2010-01-18 00:00:00","2010-01-18 01:00:00","2010-01-18 02:00:00","10395.0"
"2010-01-18 00:00:00","2010-01-18 01:00:00","2010-01-18 02:00:00","2010-01-18 03:00:00","10226.0"
"2010-01-18 01:00:00","2010-01-18 02:00:00","2010-01-18 03:00:00","2010-01-18 04:00:00","10170.0"
"2010-01-18 02:00:00","2010-01-18 03:00:00","2010-01-18 04:00:00","2010-01-18 05:00:00","10270.0"
"2010-01-18 03:00:00","2010-01-18 04:00:00","2010-01-18 05:00:00","2010-01-18 06:00:00","10625.0"
"2010-01-18 04:00:00","2010-01-18 05:00:00","2010-01-18 06:00:00","2010-01-18 07:00:00","11677.0"
"2010-01-18 05:00:00","2010-01-18 06:00:00","2010-01-18 07:00:00","2010-01-18 08:00:00","12176.0"
"2010-01-18 06:00:00","2010-01-18 07:00:00","2010-01-18 08:00:00","2010-01-18 09:00:00","12400.0"
"2010-01-18 07:00:00","2010-01-18 08:00:00","2010-01-18 09:00:00","2010-01-18 10:00:00","12250.0"
"2010-01-18 08:00:00","2010-01-18 09:00:00","2010-01-18 10:00:00","2010-01-18 11:00:00","12160.0"
"2010-01-18 09:00:00","2010-01-18 10:00:00","2010-01-18 11:00:00","2010-01-18 12:00:00","12095.0"
"2010-01-18 10:00:00","2010-01-18 11:00:00","2010-01-18 12:00:00","2010-01-18 13:00:00","12056.0"
"2010-01-18 11:00:00","2010-01-18 12:00:00","2010-01-18 13:00:00","2010-01-18 14:00:00","11970.0"
"2010-01-18 12:00:00","2010-01-18 13:00:00","2010-01-18 14:00:00","2010-01-18 15:00:00","11881.0"
"2010-01-18 13:00:00","2010-01-18 14:00:00","2010-01-18 15:00:00","2010-01-18 16:00:00","11908.0"
"2010-01-18 14:00:00","2010-01-18 15:00:00","2010-01-18 16:00:00","2010-01-18 17:00:00","12243.0"
"2010-01-18 15:00:00","2010-01-18 16:00:00","2010-01-18 17:00:00","2010-01-18 18:00:00","12395.0"
"2010-01-18 16:00:00","2010-01-18 17:00:00","2010-01-18 18:00:00","2010-01-18 19:00:00","12293.0"
"2010-01-18 17:00:00","2010-01-18 18:00:00","2010-01-18 19:00:00","2010-01-18 20:00:00","12342.0"
"2010-01-18 18:00:00","2010-01-18 19:00:00","2010-01-18 20:00:00","2010-01-18 21:00:00","12229.0"
"2010-01-18 19:00:00","2010-01-18 20:00:00","2010-01-18 21:00:00","2010-01-18 22:00:00","11840.0"
"2010-01-18 20:00:00","2010-01-18 21:00:00","2010-01-18 22:00:00","2010-01-18 23:00:00","12295.0"
"2010-01-18 21:00:00","2010-01-18 22:00:00","2010-01-18 23:00:00","2010-01-19 00:00:00","11838.0"
"2010-01-18 22:00:00","2010-01-18 23:00:00","2010-01-19 00:00:00","2010-01-19 01:00:00","11335.0"
"2010-01-18 23:00:00","2010-01-19 00:00:00","2010-01-19 01:00:00","2010-01-19 02:00:00","10980.0"
"2010-01-19 00:00:00","2010-01-19 01:00:00","2010-01-19 02:00:00","2010-01-19 03:00:00","10761.0"
"2010-01-19 01:00:00","2010-01-19 02:00:00","2010-01-19 03:00:00","2010-01-19 04:00:00","10719.0"
"2010-01-19 02:00:00","2010-01-19 03:00:00","2010-01-19 04:00:00","2010-01-19 05:00:00","10837.0"
"2010-01-19 03:00:00","2010-01-19 04:00:00","2010-01-19 05:00:00","2010-01-19 06:00:00","11201.0"
"2010-01-19 04:00:00","2010-01-19 05:00:00","2010-01-19 06:00:00","2010-01-19 07:00:00","12155.0"
"2010-01-19 05:00:00","2010-01-19 06:00:00","2010-01-19 07:00:00","2010-01-19 08:00:00","12659.0"
"2010-01-19 06:00:00","2010-01-19 07:00:00","2010-01-19 08:00:00","2010-01-19 09:00:00","12951.0"
"2010-01-19 07:00:00","2010-01-19 08:00:00","2010-01-19 09:00:00","2010-01-19 10:00:00","12761.0"
"2010-01-19 08:00:00","2010-01-19 09:00:00","2010-01-19 10:00:00","2010-01-19 11:00:00","12645.0"
"2010-01-19 09:00:00","2010-01-19 10:00:00","2010-01-19 11:00:00","2010-01-19 12:00:00","12633.0"
"2010-01-19 10:00:00","2010-01-19 11:00:00","2010-01-19 12:00:00","2010-01-19 13:00:00","12600.0"
"2010-01-19 11:00:00","2010-01-19 12:00:00","2010-01-19 13:00:00","2010-01-19 14:00:00","12387.0"
"2010-01-19 12:00:00","2010-01-19 13:00:00","2010-01-19 14:00:00","2010-01-19 15:00:00","12337.0"
"2010-01-19 13:00:00","2010-01-19 14:00:00","2010-01-19 15:00:00","2010-01-19 16:00:00","12350.0"
"2010-01-19 14:00:00","2010-01-19 15:00:00","2010-01-19 16:00:00","2010-01-19 17:00:00","12698.0"
"2010-01-19 15:00:00","2010-01-19 16:00:00","2010-01-19 17:00:00","2010-01-19 18:00:00","12854.0"
"2010-01-19 16:00:00","2010-01-19 17:00:00","2010-01-19 18:00:00","2010-01-19 19:00:00","12800.0"
"2010-01-19 17:00:00","2010-01-19 18:00:00","2010-01-19 19:00:00","2010-01-19 20:00:00","12823.0"
"2010-01-19 18:00:00","2010-01-19 19:00:00","2010-01-19 20:00:00","2010-01-19 21:00:00","12675.0"
"2010-01-19 19:00:00","2010-01-19 20:00:00","2010-01-19 21:00:00","2010-01-19 22:00:00","12187.0"
"2010-01-19 20:00:00","2010-01-19 21:00:00","2010-01-19 22:00:00","2010-01-19 23:00:00","12444.0"
"2010-01-19 21:00:00","2010-01-19 22:00:00","2010-01-19 23:00:00","2010-01-20 00:00:00","11974.0"
"2010-01-19 22:00:00","2010-01-19 23:00:00","2010-01-20 00:00:00","2010-01-20 01:00:00","11465.0"
"2010-01-19 23:00:00","2010-01-20 00:00:00","2010-01-20 01:00:00","2010-01-20 02:00:00","11171.0"
"2010-01-20 00:00:00","2010-01-20 01:00:00","2010-01-20 02:00:00","2010-01-20 03:00:00","10974.0"
"2010-01-20 01:00:00","2010-01-20 02:00:00","2010-01-20 03:00:00","2010-01-20 04:00:00","10921.0"
"2010-01-20 02:00:00","2010-01-20 03:00:00","2010-01-20 04:00:00","2010-01-20 05:00:00","11035.0"
"2010-01-20 03:00:00","2010-01-20 04:00:00","2010-01-20 05:00:00","2010-01-20 06:00:00","11413.0"
"2010-01-20 04:00:00","2010-01-20 05:00:00","2010-01-20 06:00:00","2010-01-20 07:00:00","12433.0"
"2010-01-20 05:00:00","2010-01-20 06:00:00","2010-01-20 07:00:00","2010-01-20 08:00:00","13108.0"
"2010-01-20 06:00:00","2010-01-20 07:00:00","2010-01-20 08:00:00","2010-01-20 09:00:00","13257.0"
"2010-01-20 07:00:00","2010-01-20 08:00:00","2010-01-20 09:00:00","2010-01-20 10:00:00","13077.0"
"2010-01-20 08:00:00","2010-01-20 09:00:00","2010-01-20 10:00:00","2010-01-20 11:00:00","12949.0"
"2010-01-20 09:00:00","2010-01-20 10:00:00","2010-01-20 11:00:00","2010-01-20 12:00:00","12883.0"
"2010-01-20 10:00:00","2010-01-20 11:00:00","2010-01-20 12:00:00","2010-01-20 13:00:00","12815.0"
"2010-01-20 11:00:00","2010-01-20 12:00:00","2010-01-20 13:00:00","2010-01-20 14:00:00","12749.0"
"2010-01-20 12:00:00","2010-01-20 13:00:00","2010-01-20 14:00:00","2010-01-20 15:00:00","12712.0"
"2010-01-20 13:00:00","2010-01-20 14:00:00","2010-01-20 15:00:00","2010-01-20 16:00:00","12708.0"
"2010-01-20 14:00:00","2010-01-20 15:00:00","2010-01-20 16:00:00","2010-01-20 17:00:00","13004.0"
"2010-01-20 15:00:00","2010-01-20 16:00:00","2010-01-20 17:00:00","2010-01-20 18:00:00","13190.0"
"2010-01-20 16:00:00","2010-01-20 17:00:00","2010-01-20 18:00:00","2010-01-20 19:00:00","13279.0"
"2010-01-20 17:00:00","2010-01-20 18:00:00","2010-01-20 19:00:00","2010-01-20 20:00:00","13415.0"
"2010-01-20 18:00:00","2010-01-20 19:00:00","2010-01-20 20:00:00","2010-01-20 21:00:00","13290.0"
"2010-01-20 19:00:00","2010-01-20 20:00:00","2010-01-20 21:00:00","2010-01-20 22:00:00","12718.0"
"2010-01-20 20:00:00","2010-01-20 21:00:00","2010-01-20 22:00:00","2010-01-20 23:00:00","12998.0"
"2010-01-20 21:00:00","2010-01-20 22:00:00","2010-01-20 23:00:00","2010-01-21 00:00:00","12614.0"
"2010-01-20 22:00:00","2010-01-20 23:00:00","2010-01-21 00:00:00","2010-01-21 01:00:00","12068.0"
"2010-01-20 23:00:00","2010-01-21 00:00:00","2010-01-21 01:00:00","2010-01-21 02:00:00","11819.0"
"2010-01-21 00:00:00","2010-01-21 01:00:00","2010-01-21 02:00:00","2010-01-21 03:00:00","11602.0"
"2010-01-21 01:00:00","2010-01-21 02:00:00","2010-01-21 03:00:00","2010-01-21 04:00:00","11551.0"
"2010-01-21 02:00:00","2010-01-21 03:00:00","2010-01-21 04:00:00","2010-01-21 05:00:00","11636.0"
"2010-01-21 03:00:00","2010-01-21 04:00:00","2010-01-21 05:00:00","2010-01-21 06:00:00","12040.0"
"2010-01-21 04:00:00","2010-01-21 05:00:00","2010-01-21 06:00:00","2010-01-21 07:00:00","13031.0"
"2010-01-21 05:00:00","2010-01-21 06:00:00","2010-01-21 07:00:00","2010-01-21 08:00:00","13455.0"
"2010-01-21 06:00:00","2010-01-21 07:00:00","2010-01-21 08:00:00","2010-01-21 09:00:00","13599.0"
"2010-01-21 07:00:00","2010-01-21 08:00:00","2010-01-21 09:00:00","2010-01-21 10:00:00","13420.0"
"2010-01-21 08:00:00","2010-01-21 09:00:00","2010-01-21 10:00:00","2010-01-21 11:00:00","13349.0"
"2010-01-21 09:00:00","2010-01-21 10:00:00","2010-01-21 11:00:00","2010-01-21 12:00:00","13353.0"
"2010-01-21 10:00:00","2010-01-21 11:00:00","2010-01-21 12:00:00","2010-01-21 13:00:00","13354.0"
"2010-01-21 11:00:00","2010-01-21 12:00:00","2010-01-21 13:00:00","2010-01-21 14:00:00","13231.0"
"2010-01-21 12:00:00","2010-01-21 13:00:00","2010-01-21 14:00:00","2010-01-21 15:00:00","13198.0"
"2010-01-21 13:00:00","2010-01-21 14:00:00","2010-01-21 15:00:00","2010-01-21 16:00:00","13272.0"
"2010-01-21 14:00:00","2010-01-21 15:00:00","2010-01-21 16:00:00","2010-01-21 17:00:00","13566.0"
"2010-01-21 15:00:00","2010-01-21 16:00:00","2010-01-21 17:00:00","2010-01-21 18:00:00","13795.0"
"2010-01-21 16:00:00","2010-01-21 17:00:00","2010-01-21 18:00:00","2010-01-21 19:00:00","13779.0"
"2010-01-21 17:00:00","2010-01-21 18:00:00","2010-01-21 19:00:00","2010-01-21 20:00:00","13785.0"
"2010-01-21 18:00:00","2010-01-21 19:00:00","2010-01-21 20:00:00","2010-01-21 21:00:00","13640.0"
"2010-01-21 19:00:00","2010-01-21 20:00:00","2010-01-21 21:00:00","2010-01-21 22:00:00","13149.0"
"2010-01-21 20:00:00","2010-01-21 21:00:00","2010-01-21 22:00:00","2010-01-21 23:00:00","13422.0"
"2010-01-21 21:00:00","2010-01-21 22:00:00","2010-01-21 23:00:00","2010-01-22 00:00:00","12996.0"
"2010-01-21 22:00:00","2010-01-21 23:00:00","2010-01-22 00:00:00","2010-01-22 01:00:00","12475.0"
"2010-01-21 23:00:00","2010-01-22 00:00:00","2010-01-22 01:00:00","2010-01-22 02:00:00","12141.0"
"2010-01-22 00:00:00","2010-01-22 01:00:00","2010-01-22 02:00:00","2010-01-22 03:00:00","11959.0"
"2010-01-22 01:00:00","2010-01-22 02:00:00","2010-01-22 03:00:00","2010-01-22 04:00:00","11974.0"
"2010-01-22 02:00:00","2010-01-22 03:00:00","2010-01-22 04:00:00","2010-01-22 05:00:00","12127.0"
"2010-01-22 03:00:00","2010-01-22 04:00:00","2010-01-22 05:00:00","2010-01-22 06:00:00","12531.0"
"2010-01-22 04:00:00","2010-01-22 05:00:00","2010-01-22 06:00:00","2010-01-22 07:00:00","13575.0"
"2010-01-22 05:00:00","2010-01-22 06:00:00","2010-01-22 07:00:00","2010-01-22 08:00:00","14035.0"
"2010-01-22 06:00:00","2010-01-22 07:00:00","2010-01-22 08:00:00","2010-01-22 09:00:00","14189.0"
"2010-01-22 07:00:00","2010-01-22 08:00:00","2010-01-22 09:00:00","2010-01-22 10:00:00","14007.0"
"2010-01-22 08:00:00","2010-01-22 09:00:00","2010-01-22 10:00:00","2010-01-22 11:00:00","13850.0"
"2010-01-22 09:00:00","2010-01-22 10:00:00","2010-01-22 11:00:00","2010-01-22 12:00:00","13889.0"
"2010-01-22 10:00:00","2010-01-22 11:00:00","2010-01-22 12:00:00","2010-01-22 13:00:00","13810.0"
"2010-01-22 11:00:00","2010-01-22 12:00:00","2010-01-22 13:00:00","2010-01-22 14:00:00","13696.0"
"2010-01-22 12:00:00","2010-01-22 13:00:00","2010-01-22 14:00:00","2010-01-22 15:00:00","13564.0"
"2010-01-22 13:00:00","2010-01-22 14:00:00","2010-01-22 15:00:00","2010-01-22 16:00:00","13511.0"
"2010-01-22 14:00:00","2010-01-22 15:00:00","2010-01-22 16:00:00","2010-01-22 17:00:00","13795.0"
"2010-01-22 15:00:00","2010-01-22 16:00:00","2010-01-22 17:00:00","2010-01-22 18:00:00","14016.0"
"2010-01-22 16:00:00","2010-01-22 17:00:00","2010-01-22 18:00:00","2010-01-22 19:00:00","14002.0"
"2010-01-22 17:00:00","2010-01-22 18:00:00","2010-01-22 19:00:00","2010-01-22 20:00:00","14001.0"
"2010-01-22 18:00:00","2010-01-22 19:00:00","2010-01-22 20:00:00","2010-01-22 21:00:00","13776.0"
"2010-01-22 19:00:00","2010-01-22 20:00:00","2010-01-22 21:00:00","2010-01-22 22:00:00","13258.0"
"2010-01-22 20:00:00","2010-01-22 21:00:00","2010-01-22 22:00:00","2010-01-22 23:00:00","13582.0"
"2010-01-22 21:00:00","2010-01-22 22:00:00","2010-01-22 23:00:00","2010-01-23 00:00:00","13139.0"
"2010-01-22 22:00:00","2010-01-22 23:00:00","2010-01-23 00:00:00","2010-01-23 01:00:00","12627.0"
"2010-01-22 23:00:00","2010-01-23 00:00:00","2010-01-23 01:00:00","2010-01-23 02:00:00","12284.0"
"2010-01-23 00:00:00","2010-01-23 01:00:00","2010-01-23 02:00:00","2010-01-23 03:00:00","12046.0"
"2010-01-23 01:00:00","2010-01-23 02:00:00","2010-01-23 03:00:00","2010-01-23 04:00:00","11994.0"
"2010-01-23 02:00:00","2010-01-23 03:00:00","2010-01-23 04:00:00","2010-01-23 05:00:00","11938.0"
"2010-01-23 03:00:00","2010-01-23 04:00:00","2010-01-23 05:00:00","2010-01-23 06:00:00","12046.0"
"2010-01-23 04:00:00","2010-01-23 05:00:00","2010-01-23 06:00:00","2010-01-23 07:00:00","12221.0"
"2010-01-23 05:00:00","2010-01-23 06:00:00","2010-01-23 07:00:00","2010-01-23 08:00:00","12151.0"
"2010-01-23 06:00:00","2010-01-23 07:00:00","2010-01-23 08:00:00","2010-01-23 09:00:00","12383.0"
"2010-01-23 07:00:00","2010-01-23 08:00:00","2010-01-23 09:00:00","2010-01-23 10:00:00","12544.0"
"2010-01-23 08:00:00","2010-01-23 09:00:00","2010-01-23 10:00:00","2010-01-23 11:00:00","12642.0"
"2010-01-23 09:00:00","2010-01-23 10:00:00","2010-01-23 11:00:00","2010-01-23 12:00:00","12633.0"
"2010-01-23 10:00:00","2010-01-23 11:00:00","2010-01-23 12:00:00","2010-01-23 13:00:00","12503.0"
"2010-01-23 11:00:00","2010-01-23 12:00:00","2010-01-23 13:00:00","2010-01-23 14:00:00","12454.0"
"2010-01-23 12:00:00","2010-01-23 13:00:00","2010-01-23 14:00:00","2010-01-23 15:00:00","12378.0"
"2010-01-23 13:00:00","2010-01-23 14:00:00","2010-01-23 15:00:00","2010-01-23 16:00:00","12476.0"
"2010-01-23 14:00:00","2010-01-23 15:00:00","2010-01-23 16:00:00","2010-01-23 17:00:00","12926.0"
"2010-01-23 15:00:00","2010-01-23 16:00:00","2010-01-23 17:00:00","2010-01-23 18:00:00","13497.0"
"2010-01-23 16:00:00","2010-01-23 17:00:00","2010-01-23 18:00:00","2010-01-23 19:00:00","13682.0"
"2010-01-23 17:00:00","2010-01-23 18:00:00","2010-01-23 19:00:00","2010-01-23 20:00:00","13593.0"
"2010-01-23 18:00:00","2010-01-23 19:00:00","2010-01-23 20:00:00","2010-01-23 21:00:00","13222.0"
"2010-01-23 19:00:00","2010-01-23 20:00:00","2010-01-23 21:00:00","2010-01-23 22:00:00","12829.0"
"2010-01-23 20:00:00","2010-01-23 21:00:00","2010-01-23 22:00:00","2010-01-23 23:00:00","13313.0"
"2010-01-23 21:00:00","2010-01-23 22:00:00","2010-01-23 23:00:00","2010-01-24 00:00:00","13101.0"
"2010-01-23 22:00:00","2010-01-23 23:00:00","2010-01-24 00:00:00","2010-01-24 01:00:00","12599.0"
"2010-01-23 23:00:00","2010-01-24 00:00:00","2010-01-24 01:00:00","2010-01-24 02:00:00","12169.0"
"2010-01-24 00:00:00","2010-01-24 01:00:00","2010-01-24 02:00:00","2010-01-24 03:00:00","11923.0"
"2010-01-24 01:00:00","2010-01-24 02:00:00","2010-01-24 03:00:00","2010-01-24 04:00:00","11816.0"
"2010-01-24 02:00:00","2010-01-24 03:00:00","2010-01-24 04:00:00","2010-01-24 05:00:00","11737.0"
"2010-01-24 03:00:00","2010-01-24 04:00:00","2010-01-24 05:00:00","2010-01-24 06:00:00","11799.0"
"2010-01-24 04:00:00","2010-01-24 05:00:00","2010-01-24 06:00:00","2010-01-24 07:00:00","11931.0"
"2010-01-24 05:00:00","2010-01-24 06:00:00","2010-01-24 07:00:00","2010-01-24 08:00:00","11772.0"
"2010-01-24 06:00:00","2010-01-24 07:00:00","2010-01-24 08:00:00","2010-01-24 09:00:00","11959.0"
"2010-01-24 07:00:00","2010-01-24 08:00:00","2010-01-24 09:00:00","2010-01-24 10:00:00","12035.0"
"2010-01-24 08:00:00","2010-01-24 09:00:00","2010-01-24 10:00:00","2010-01-24 11:00:00","12297.0"
"2010-01-24 09:00:00","2010-01-24 10:00:00","2010-01-24 11:00:00","2010-01-24 12:00:00","12461.0"
"2010-01-24 10:00:00","2010-01-24 11:00:00","2010-01-24 12:00:00","2010-01-24 13:00:00","12410.0"
"2010-01-24 11:00:00","2010-01-24 12:00:00","2010-01-24 13:00:00","2010-01-24 14:00:00","12299.0"
"2010-01-24 12:00:00","2010-01-24 13:00:00","2010-01-24 14:00:00","2010-01-24 15:00:00","12221.0"
"2010-01-24 13:00:00","2010-01-24 14:00:00","2010-01-24 15:00:00","2010-01-24 16:00:00","12255.0"
"2010-01-24 14:00:00","2010-01-24 15:00:00","2010-01-24 16:00:00","2010-01-24 17:00:00","12663.0"
"2010-01-24 15:00:00","2010-01-24 16:00:00","2010-01-24 17:00:00","2010-01-24 18:00:00","12742.0"
"2010-01-24 16:00:00","2010-01-24 17:00:00","2010-01-24 18:00:00","2010-01-24 19:00:00","12804.0"
"2010-01-24 17:00:00","2010-01-24 18:00:00","2010-01-24 19:00:00","2010-01-24 20:00:00","12752.0"
"2010-01-24 18:00:00","2010-01-24 19:00:00","2010-01-24 20:00:00","2010-01-24 21:00:00","12432.0"
"2010-01-24 19:00:00","2010-01-24 20:00:00","2010-01-24 21:00:00","2010-01-24 22:00:00","12138.0"
"2010-01-24 20:00:00","2010-01-24 21:00:00","2010-01-24 22:00:00","2010-01-24 23:00:00","12623.0"
"2010-01-24 21:00:00","2010-01-24 22:00:00","2010-01-24 23:00:00","2010-01-25 00:00:00","12473.0"
"2010-01-24 22:00:00","2010-01-24 23:00:00","2010-01-25 00:00:00","2010-01-25 01:00:00","12012.0"
"2010-01-24 23:00:00","2010-01-25 00:00:00","2010-01-25 01:00:00","2010-01-25 02:00:00","11525.0"
"2010-01-25 00:00:00","2010-01-25 01:00:00","2010-01-25 02:00:00","2010-01-25 03:00:00","11238.0"
"2010-01-25 01:00:00","2010-01-25 02:00:00","2010-01-25 03:00:00","2010-01-25 04:00:00","11164.0"
"2010-01-25 02:00:00","2010-01-25 03:00:00","2010-01-25 04:00:00","2010-01-25 05:00:00","11133.0"
"2010-01-25 03:00:00","2010-01-25 04:00:00","2010-01-25 05:00:00","2010-01-25 06:00:00","11524.0"
"2010-01-25 04:00:00","2010-01-25 05:00:00","2010-01-25 06:00:00","2010-01-25 07:00:00","12523.0"
"2010-01-25 05:00:00","2010-01-25 06:00:00","2010-01-25 07:00:00","2010-01-25 08:00:00","12997.0"
"2010-01-25 06:00:00","2010-01-25 07:00:00","2010-01-25 08:00:00","2010-01-25 09:00:00","13090.0"
"2010-01-25 07:00:00","2010-01-25 08:00:00","2010-01-25 09:00:00","2010-01-25 10:00:00","12832.0"
"2010-01-25 08:00:00","2010-01-25 09:00:00","2010-01-25 10:00:00","2010-01-25 11:00:00","12770.0"
"2010-01-25 09:00:00","2010-01-25 10:00:00","2010-01-25 11:00:00","2010-01-25 12:00:00","12783.0"
"2010-01-25 10:00:00","2010-01-25 11:00:00","2010-01-25 12:00:00","2010-01-25 13:00:00","12654.0"
"2010-01-25 11:00:00","2010-01-25 12:00:00","2010-01-25 13:00:00","2010-01-25 14:00:00","12631.0"
"2010-01-25 12:00:00","2010-01-25 13:00:00","2010-01-25 14:00:00","2010-01-25 15:00:00","12507.0"
"2010-01-25 13:00:00","2010-01-25 14:00:00","2010-01-25 15:00:00","2010-01-25 16:00:00","12455.0"
"2010-01-25 14:00:00","2010-01-25 15:00:00","2010-01-25 16:00:00","2010-01-25 17:00:00","12650.0"
"2010-01-25 15:00:00","2010-01-25 16:00:00","2010-01-25 17:00:00","2010-01-25 18:00:00","12938.0"
"2010-01-25 16:00:00","2010-01-25 17:00:00","2010-01-25 18:00:00","2010-01-25 19:00:00","12782.0"
"2010-01-25 17:00:00","2010-01-25 18:00:00","2010-01-25 19:00:00","2010-01-25 20:00:00","12710.0"
"2010-01-25 18:00:00","2010-01-25 19:00:00","2010-01-25 20:00:00","2010-01-25 21:00:00","12660.0"
"2010-01-25 19:00:00","2010-01-25 20:00:00","2010-01-25 21:00:00","2010-01-25 22:00:00","12378.0"
"2010-01-25 20:00:00","2010-01-25 21:00:00","2010-01-25 22:00:00","2010-01-25 23:00:00","12684.0"
"2010-01-25 21:00:00","2010-01-25 22:00:00","2010-01-25 23:00:00","2010-01-26 00:00:00","12422.0"
"2010-01-25 22:00:00","2010-01-25 23:00:00","2010-01-26 00:00:00","2010-01-26 01:00:00","11875.0"
"2010-01-25 23:00:00","2010-01-26 00:00:00","2010-01-26 01:00:00","2010-01-26 02:00:00","11512.0"
"2010-01-26 00:00:00","2010-01-26 01:00:00","2010-01-26 02:00:00","2010-01-26 03:00:00","11417.0"
"2010-01-26 01:00:00","2010-01-26 02:00:00","2010-01-26 03:00:00","2010-01-26 04:00:00","11360.0"
"2010-01-26 02:00:00","2010-01-26 03:00:00","2010-01-26 04:00:00","2010-01-26 05:00:00","11502.0"
"2010-01-26 03:00:00","2010-01-26 04:00:00","2010-01-26 05:00:00","2010-01-26 06:00:00","11866.0"
"2010-01-26 04:00:00","2010-01-26 05:00:00","2010-01-26 06:00:00","2010-01-26 07:00:00","12782.0"
"2010-01-26 05:00:00","2010-01-26 06:00:00","2010-01-26 07:00:00","2010-01-26 08:00:00","13112.0"
"2010-01-26 06:00:00","2010-01-26 07:00:00","2010-01-26 08:00:00","2010-01-26 09:00:00","13363.0"
"2010-01-26 07:00:00","2010-01-26 08:00:00","2010-01-26 09:00:00","2010-01-26 10:00:00","13249.0"
"2010-01-26 08:00:00","2010-01-26 09:00:00","2010-01-26 10:00:00","2010-01-26 11:00:00","13237.0"
"2010-01-26 09:00:00","2010-01-26 10:00:00","2010-01-26 11:00:00","2010-01-26 12:00:00","13186.0"
"2010-01-26 10:00:00","2010-01-26 11:00:00","2010-01-26 12:00:00","2010-01-26 13:00:00","13105.0"
"2010-01-26 11:00:00","2010-01-26 12:00:00","2010-01-26 13:00:00","2010-01-26 14:00:00","12957.0"
"2010-01-26 12:00:00","2010-01-26 13:00:00","2010-01-26 14:00:00","2010-01-26 15:00:00","12928.0"
"2010-01-26 13:00:00","2010-01-26 14:00:00","2010-01-26 15:00:00","2010-01-26 16:00:00","12958.0"
"2010-01-26 14:00:00","2010-01-26 15:00:00","2010-01-26 16:00:00","2010-01-26 17:00:00","13163.0"
"2010-01-26 15:00:00","2010-01-26 16:00:00","2010-01-26 17:00:00","2010-01-26 18:00:00","13626.0"
"2010-01-26 16:00:00","2010-01-26 17:00:00","2010-01-26 18:00:00","2010-01-26 19:00:00","13626.0"
"2010-01-26 17:00:00","2010-01-26 18:00:00","2010-01-26 19:00:00","2010-01-26 20:00:00","13753.0"
"2010-01-26 18:00:00","2010-01-26 19:00:00","2010-01-26 20:00:00","2010-01-26 21:00:00","13637.0"
"2010-01-26 19:00:00","2010-01-26 20:00:00","2010-01-26 21:00:00","2010-01-26 22:00:00","13211.0"
"2010-01-26 20:00:00","2010-01-26 21:00:00","2010-01-26 22:00:00","2010-01-26 23:00:00","13571.0"
"2010-01-26 21:00:00","2010-01-26 22:00:00","2010-01-26 23:00:00","2010-01-27 00:00:00","13150.0"
"2010-01-26 22:00:00","2010-01-26 23:00:00","2010-01-27 00:00:00","2010-01-27 01:00:00","12633.0"
"2010-01-26 23:00:00","2010-01-27 00:00:00","2010-01-27 01:00:00","2010-01-27 02:00:00","12278.0"
"2010-01-27 00:00:00","2010-01-27 01:00:00","2010-01-27 02:00:00","2010-01-27 03:00:00","12146.0"
"2010-01-27 01:00:00","2010-01-27 02:00:00","2010-01-27 03:00:00","2010-01-27 04:00:00","12164.0"
"2010-01-27 02:00:00","2010-01-27 03:00:00","2010-01-27 04:00:00","2010-01-27 05:00:00","12300.0"
"2010-01-27 03:00:00","2010-01-27 04:00:00","2010-01-27 05:00:00","2010-01-27 06:00:00","12731.0"
"2010-01-27 04:00:00","2010-01-27 05:00:00","2010-01-27 06:00:00","2010-01-27 07:00:00","13650.0"
"2010-01-27 05:00:00","2010-01-27 06:00:00","2010-01-27 07:00:00","2010-01-27 08:00:00","14039.0"
"2010-01-27 06:00:00","2010-01-27 07:00:00","2010-01-27 08:00:00","2010-01-27 09:00:00","14157.0"
"2010-01-27 07:00:00","2010-01-27 08:00:00","2010-01-27 09:00:00","2010-01-27 10:00:00","14017.0"
"2010-01-27 08:00:00","2010-01-27 09:00:00","2010-01-27 10:00:00","2010-01-27 11:00:00","13874.0"
"2010-01-27 09:00:00","2010-01-27 10:00:00","2010-01-27 11:00:00","2010-01-27 12:00:00","13733.0"
"2010-01-27 10:00:00","2010-01-27 11:00:00","2010-01-27 12:00:00","2010-01-27 13:00:00","13575.0"
"2010-01-27 11:00:00","2010-01-27 12:00:00","2010-01-27 13:00:00","2010-01-27 14:00:00","13505.0"
"2010-01-27 12:00:00","2010-01-27 13:00:00","2010-01-27 14:00:00","2010-01-27 15:00:00","13451.0"
"2010-01-27 13:00:00","2010-01-27 14:00:00","2010-01-27 15:00:00","2010-01-27 16:00:00","13451.0"
"2010-01-27 14:00:00","2010-01-27 15:00:00","2010-01-27 16:00:00","2010-01-27 17:00:00","13680.0"
"2010-01-27 15:00:00","2010-01-27 16:00:00","2010-01-27 17:00:00","2010-01-27 18:00:00","14022.0"
"2010-01-27 16:00:00","2010-01-27 17:00:00","2010-01-27 18:00:00","2010-01-27 19:00:00","14093.0"
"2010-01-27 17:00:00","2010-01-27 18:00:00","2010-01-27 19:00:00","2010-01-27 20:00:00","14130.0"
"2010-01-27 18:00:00","2010-01-27 19:00:00","2010-01-27 20:00:00","2010-01-27 21:00:00","13966.0"
"2010-01-27 19:00:00","2010-01-27 20:00:00","2010-01-27 21:00:00","2010-01-27 22:00:00","13393.0"
"2010-01-27 20:00:00","2010-01-27 21:00:00","2010-01-27 22:00:00","2010-01-27 23:00:00","13656.0"
"2010-01-27 21:00:00","2010-01-27 22:00:00","2010-01-27 23:00:00","2010-01-28 00:00:00","13234.0"
"2010-01-27 22:00:00","2010-01-27 23:00:00","2010-01-28 00:00:00","2010-01-28 01:00:00","12728.0"
"2010-01-27 23:00:00","2010-01-28 00:00:00","2010-01-28 01:00:00","2010-01-28 02:00:00","12407.0"
"2010-01-28 00:00:00","2010-01-28 01:00:00","2010-01-28 02:00:00","2010-01-28 03:00:00","12209.0"
"2010-01-28 01:00:00","2010-01-28 02:00:00","2010-01-28 03:00:00","2010-01-28 04:00:00","12222.0"
"2010-01-28 02:00:00","2010-01-28 03:00:00","2010-01-28 04:00:00","2010-01-28 05:00:00","12320.0"
"2010-01-28 03:00:00","2010-01-28 04:00:00","2010-01-28 05:00:00","2010-01-28 06:00:00","12743.0"
"2010-01-28 04:00:00","2010-01-28 05:00:00","2010-01-28 06:00:00","2010-01-28 07:00:00","13766.0"
"2010-01-28 05:00:00","2010-01-28 06:00:00","2010-01-28 07:00:00","2010-01-28 08:00:00","14200.0"
"2010-01-28 06:00:00","2010-01-28 07:00:00","2010-01-28 08:00:00","2010-01-28 09:00:00","14320.0"
"2010-01-28 07:00:00","2010-01-28 08:00:00","2010-01-28 09:00:00","2010-01-28 10:00:00","14032.0"
"2010-01-28 08:00:00","2010-01-28 09:00:00","2010-01-28 10:00:00","2010-01-28 11:00:00","14049.0"
"2010-01-28 09:00:00","2010-01-28 10:00:00","2010-01-28 11:00:00","2010-01-28 12:00:00","14020.0"
"2010-01-28 10:00:00","2010-01-28 11:00:00","2010-01-28 12:00:00","2010-01-28 13:00:00","13930.0"
"2010-01-28 11:00:00","2010-01-28 12:00:00","2010-01-28 13:00:00","2010-01-28 14:00:00","13827.0"
"2010-01-28 12:00:00","2010-01-28 13:00:00","2010-01-28 14:00:00","2010-01-28 15:00:00","13719.0"
"2010-01-28 13:00:00","2010-01-28 14:00:00","2010-01-28 15:00:00","2010-01-28 16:00:00","13682.0"
"2010-01-28 14:00:00","2010-01-28 15:00:00","2010-01-28 16:00:00","2010-01-28 17:00:00","13762.0"
"2010-01-28 15:00:00","2010-01-28 16:00:00","2010-01-28 17:00:00","2010-01-28 18:00:00","14150.0"
"2010-01-28 16:00:00","2010-01-28 17:00:00","2010-01-28 18:00:00","2010-01-28 19:00:00","14168.0"
"2010-01-28 17:00:00","2010-01-28 18:00:00","2010-01-28 19:00:00","2010-01-28 20:00:00","14127.0"
"2010-01-28 18:00:00","2010-01-28 19:00:00","2010-01-28 20:00:00","2010-01-28 21:00:00","13990.0"
"2010-01-28 19:00:00","2010-01-28 20:00:00","2010-01-28 21:00:00","2010-01-28 22:00:00","13445.0"
"2010-01-28 20:00:00","2010-01-28 21:00:00","2010-01-28 22:00:00","2010-01-28 23:00:00","13744.0"
"2010-01-28 21:00:00","2010-01-28 22:00:00","2010-01-28 23:00:00","2010-01-29 00:00:00","13260.0"
"2010-01-28 22:00:00","2010-01-28 23:00:00","2010-01-29 00:00:00","2010-01-29 01:00:00","12751.0"
"2010-01-28 23:00:00","2010-01-29 00:00:00","2010-01-29 01:00:00","2010-01-29 02:00:00","12372.0"
"2010-01-29 00:00:00","2010-01-29 01:00:00","2010-01-29 02:00:00","2010-01-29 03:00:00","12133.0"
"2010-01-29 01:00:00","2010-01-29 02:00:00","2010-01-29 03:00:00","2010-01-29 04:00:00","12111.0"
"2010-01-29 02:00:00","2010-01-29 03:00:00","2010-01-29 04:00:00","2010-01-29 05:00:00","12181.0"
"2010-01-29 03:00:00","2010-01-29 04:00:00","2010-01-29 05:00:00","2010-01-29 06:00:00","12603.0"
"2010-01-29 04:00:00","2010-01-29 05:00:00","2010-01-29 06:00:00","2010-01-29 07:00:00","13467.0"
"2010-01-29 05:00:00","2010-01-29 06:00:00","2010-01-29 07:00:00","2010-01-29 08:00:00","13772.0"
"2010-01-29 06:00:00","2010-01-29 07:00:00","2010-01-29 08:00:00","2010-01-29 09:00:00","13715.0"
"2010-01-29 07:00:00","2010-01-29 08:00:00","2010-01-29 09:00:00","2010-01-29 10:00:00","13486.0"
"2010-01-29 08:00:00","2010-01-29 09:00:00","2010-01-29 10:00:00","2010-01-29 11:00:00","13453.0"
"2010-01-29 09:00:00","2010-01-29 10:00:00","2010-01-29 11:00:00","2010-01-29 12:00:00","13426.0"
"2010-01-29 10:00:00","2010-01-29 11:00:00","2010-01-29 12:00:00","2010-01-29 13:00:00","13369.0"
"2010-01-29 11:00:00","2010-01-29 12:00:00","2010-01-29 13:00:00","2010-01-29 14:00:00","13344.0"
"2010-01-29 12:00:00","2010-01-29 13:00:00","2010-01-29 14:00:00","2010-01-29 15:00:00","13260.0"
"2010-01-29 13:00:00","2010-01-29 14:00:00","2010-01-29 15:00:00","2010-01-29 16:00:00","13280.0"
"2010-01-29 14:00:00","2010-01-29 15:00:00","2010-01-29 16:00:00","2010-01-29 17:00:00","13502.0"
"2010-01-29 15:00:00","2010-01-29 16:00:00","2010-01-29 17:00:00","2010-01-29 18:00:00","13918.0"
"2010-01-29 16:00:00","2010-01-29 17:00:00","2010-01-29 18:00:00","2010-01-29 19:00:00","13860.0"
"2010-01-29 17:00:00","2010-01-29 18:00:00","2010-01-29 19:00:00","2010-01-29 20:00:00","13786.0"
"2010-01-29 18:00:00","2010-01-29 19:00:00","2010-01-29 20:00:00","2010-01-29 21:00:00","13613.0"
"2010-01-29 19:00:00","2010-01-29 20:00:00","2010-01-29 21:00:00","2010-01-29 22:00:00","13141.0"
"2010-01-29 20:00:00","2010-01-29 21:00:00","2010-01-29 22:00:00","2010-01-29 23:00:00","13414.0"
"2010-01-29 21:00:00","2010-01-29 22:00:00","2010-01-29 23:00:00","2010-01-30 00:00:00","12954.0"
"2010-01-29 22:00:00","2010-01-29 23:00:00","2010-01-30 00:00:00","2010-01-30 01:00:00","12381.0"
"2010-01-29 23:00:00","2010-01-30 00:00:00","2010-01-30 01:00:00","2010-01-30 02:00:00","11962.0"
"2010-01-30 00:00:00","2010-01-30 01:00:00","2010-01-30 02:00:00","2010-01-30 03:00:00","11688.0"
"2010-01-30 01:00:00","2010-01-30 02:00:00","2010-01-30 03:00:00","2010-01-30 04:00:00","11613.0"
"2010-01-30 02:00:00","2010-01-30 03:00:00","2010-01-30 04:00:00","2010-01-30 05:00:00","11554.0"
"2010-01-30 03:00:00","2010-01-30 04:00:00","2010-01-30 05:00:00","2010-01-30 06:00:00","11634.0"
"2010-01-30 04:00:00","2010-01-30 05:00:00","2010-01-30 06:00:00","2010-01-30 07:00:00","11844.0"
"2010-01-30 05:00:00","2010-01-30 06:00:00","2010-01-30 07:00:00","2010-01-30 08:00:00","11812.0"
"2010-01-30 06:00:00","2010-01-30 07:00:00","2010-01-30 08:00:00","2010-01-30 09:00:00","11999.0"
"2010-01-30 07:00:00","2010-01-30 08:00:00","2010-01-30 09:00:00","2010-01-30 10:00:00","12073.0"
"2010-01-30 08:00:00","2010-01-30 09:00:00","2010-01-30 10:00:00","2010-01-30 11:00:00","12121.0"
"2010-01-30 09:00:00","2010-01-30 10:00:00","2010-01-30 11:00:00","2010-01-30 12:00:00","12178.0"
"2010-01-30 10:00:00","2010-01-30 11:00:00","2010-01-30 12:00:00","2010-01-30 13:00:00","12122.0"
"2010-01-30 11:00:00","2010-01-30 12:00:00","2010-01-30 13:00:00","2010-01-30 14:00:00","12057.0"
"2010-01-30 12:00:00","2010-01-30 13:00:00","2010-01-30 14:00:00","2010-01-30 15:00:00","11970.0"
"2010-01-30 13:00:00","2010-01-30 14:00:00","2010-01-30 15:00:00","2010-01-30 16:00:00","12010.0"
"2010-01-30 14:00:00","2010-01-30 15:00:00","2010-01-30 16:00:00","2010-01-30 17:00:00","12429.0"
"2010-01-30 15:00:00","2010-01-30 16:00:00","2010-01-30 17:00:00","2010-01-30 18:00:00","13087.0"
"2010-01-30 16:00:00","2010-01-30 17:00:00","2010-01-30 18:00:00","2010-01-30 19:00:00","13157.0"
"2010-01-30 17:00:00","2010-01-30 18:00:00","2010-01-30 19:00:00","2010-01-30 20:00:00","13055.0"
"2010-01-30 18:00:00","2010-01-30 19:00:00","2010-01-30 20:00:00","2010-01-30 21:00:00","12624.0"
"2010-01-30 19:00:00","2010-01-30 20:00:00","2010-01-30 21:00:00","2010-01-30 22:00:00","12174.0"
"2010-01-30 20:00:00","2010-01-30 21:00:00","2010-01-30 22:00:00","2010-01-30 23:00:00","12629.0"
"2010-01-30 21:00:00","2010-01-30 22:00:00","2010-01-30 23:00:00","2010-01-31 00:00:00","12277.0"
"2010-01-30 22:00:00","2010-01-30 23:00:00","2010-01-31 00:00:00","2010-01-31 01:00:00","11715.0"
"2010-01-30 23:00:00","2010-01-31 00:00:00","2010-01-31 01:00:00","2010-01-31 02:00:00","11347.0"
"2010-01-31 00:00:00","2010-01-31 01:00:00","2010-01-31 02:00:00","2010-01-31 03:00:00","11071.0"
"2010-01-31 01:00:00","2010-01-31 02:00:00","2010-01-31 03:00:00","2010-01-31 04:00:00","10917.0"
"2010-01-31 02:00:00","2010-01-31 03:00:00","2010-01-31 04:00:00","2010-01-31 05:00:00","10828.0"
"2010-01-31 03:00:00","2010-01-31 04:00:00","2010-01-31 05:00:00","2010-01-31 06:00:00","10837.0"
"2010-01-31 04:00:00","2010-01-31 05:00:00","2010-01-31 06:00:00","2010-01-31 07:00:00","10969.0"
"2010-01-31 05:00:00","2010-01-31 06:00:00","2010-01-31 07:00:00","2010-01-31 08:00:00","10885.0"
"2010-01-31 06:00:00","2010-01-31 07:00:00","2010-01-31 08:00:00","2010-01-31 09:00:00","10953.0"
"2010-01-31 07:00:00","2010-01-31 08:00:00","2010-01-31 09:00:00","2010-01-31 10:00:00","10986.0"
"2010-01-31 08:00:00","2010-01-31 09:00:00","2010-01-31 10:00:00","2010-01-31 11:00:00","11128.0"
"2010-01-31 09:00:00","2010-01-31 10:00:00","2010-01-31 11:00:00","2010-01-31 12:00:00","11226.0"
"2010-01-31 10:00:00","2010-01-31 11:00:00","2010-01-31 12:00:00","2010-01-31 13:00:00","11192.0"
"2010-01-31 11:00:00","2010-01-31 12:00:00","2010-01-31 13:00:00","2010-01-31 14:00:00","11149.0"
"2010-01-31 12:00:00","2010-01-31 13:00:00","2010-01-31 14:00:00","2010-01-31 15:00:00","11077.0"
"2010-01-31 13:00:00","2010-01-31 14:00:00","2010-01-31 15:00:00","2010-01-31 16:00:00","11055.0"
"2010-01-31 14:00:00","2010-01-31 15:00:00","2010-01-31 16:00:00","2010-01-31 17:00:00","11399.0"
"2010-01-31 15:00:00","2010-01-31 16:00:00","2010-01-31 17:00:00","2010-01-31 18:00:00","11845.0"
"2010-01-31 16:00:00","2010-01-31 17:00:00","2010-01-31 18:00:00","2010-01-31 19:00:00","11933.0"
"2010-01-31 17:00:00","2010-01-31 18:00:00","2010-01-31 19:00:00","2010-01-31 20:00:00","11936.0"
"2010-01-31 18:00:00","2010-01-31 19:00:00","2010-01-31 20:00:00","2010-01-31 21:00:00","11728.0"
"2010-01-31 19:00:00","2010-01-31 20:00:00","2010-01-31 21:00:00","2010-01-31 22:00:00","11433.0"
"2010-01-31 20:00:00","2010-01-31 21:00:00","2010-01-31 22:00:00","2010-01-31 23:00:00","11878.0"
"2010-01-31 21:00:00","2010-01-31 22:00:00","2010-01-31 23:00:00","2010-02-01 00:00:00","11525.0"
